IID,rs4575098,rs6656401,rs2093760,rs4844610,rs4663105,rs6733839,rs10933431,rs35349669,rs6448453,rs190982,rs9271058,rs9473117,rs9381563,rs10948363,rs2718058,rs4723711,rs1859788,rs1476679,rs12539172,rs10808026,rs7810606,rs11771145,rs28834970,rs73223431,rs4236673,rs9331896,rs11257238,rs7920721,rs3740688,rs10838725,rs983392,rs7933202,rs2081545,rs867611,rs10792832,rs3851179,rs17125924,rs17125944,rs10498633,rs12881735,rs12590654,rs442495,rs59735493,rs113260531,rs28394864,rs111278892,rs3752246,rs4147929,rs41289512,rs3865444,rs6024870,rs6014724,rs7274581,rs429358
002_S_0295,0,0,0,0,1,1,1,0,0,1,0,0,0,0,1,1,0,0,0,1,1,1,0,0,1,1,1,1,1,1,1,1,1,1,1,1,0,0,1,1,1,1,0,0,0,1,1,1,0,0,0,0,0,1
002_S_0413,1,0,0,0,0,0,0,1,0,0,0,0,0,0,2,2,1,1,1,0,0,0,1,1,1,1,1,1,1,1,0,0,0,0,0,0,0,0,0,0,0,1,0,0,1,0,1,1,0,1,0,0,0,0
002_S_0685,0,0,0,0,0,0,1,1,0,0,0,1,1,1,0,1,0,0,0,0,0,0,0,0,0,0,2,2,2,0,0,0,0,1,2,2,0,0,0,0,0,2,0,0,2,1,1,1,0,0,0,0,0,0
002_S_0729,0,0,0,0,1,1,0,1,0,0,2,0,1,0,2,1,2,1,1,0,1,1,0,0,2,2,1,1,0,1,1,1,1,0,0,0,0,0,1,1,1,1,1,0,1,0,0,0,1,1,0,0,0,1
002_S_1268,0,0,0,0,0,0,0,0,0,1,1,0,0,0,0,0,0,0,0,0,0,0,0,0,1,1,0,0,0,1,2,2,2,1,2,2,0,0,0,0,0,0,1,0,1,0,0,0,0,1,1,1,1,1
002_S_2010,0,1,1,1,2,2,0,1,0,1,0,1,1,1,1,1,1,1,1,2,2,2,1,1,1,1,1,1,0,1,2,2,2,0,0,0,0,0,1,1,1,0,1,0,0,0,0,0,1,1,0,0,0,1
002_S_2043,1,0,0,0,0,0,1,2,1,2,0,1,1,1,0,0,0,0,0,0,1,1,0,0,0,0,1,1,2,0,2,2,2,0,0,0,0,0,1,1,1,1,0,1,1,0,0,0,1,0,0,0,0,1
002_S_2073,0,1,1,1,0,0,0,1,1,1,0,0,0,0,1,1,1,1,1,1,1,2,1,1,1,1,1,1,0,1,1,1,1,0,0,0,0,0,1,1,2,0,1,0,1,0,1,1,0,1,2,2,2,0
002_S_4213,1,0,0,0,0,0,0,2,1,0,2,1,1,1,0,0,1,1,1,1,1,1,0,0,1,1,1,1,0,1,1,1,1,0,0,0,1,1,0,0,1,1,1,0,0,0,0,0,0,0,0,0,0,0
002_S_4219,0,1,1,1,1,0,0,2,0,1,0,0,0,0,1,2,1,0,0,0,0,0,0,0,0,0,0,0,0,1,2,2,2,1,0,0,0,0,1,1,1,1,1,0,2,0,0,0,0,0,0,0,0,0
002_S_4229,0,0,0,0,1,1,0,1,0,1,0,0,0,0,0,0,1,1,1,0,0,1,1,1,1,1,1,1,1,2,1,1,1,1,1,1,0,0,2,2,2,0,0,0,1,1,0,0,0,0,1,1,1,0
002_S_4251,0,1,1,1,1,1,0,2,0,0,1,1,1,1,1,0,1,1,1,0,1,0,1,1,0,0,2,2,0,1,1,1,1,0,0,0,0,0,1,1,1,0,1,0,1,0,0,0,0,0,0,0,0,0
002_S_4262,2,1,1,1,1,1,0,0,1,1,1,0,1,0,1,1,0,0,0,0,0,0,2,2,0,0,0,0,0,1,2,2,2,0,0,0,0,0,0,0,0,2,1,0,1,0,1,1,0,0,0,0,0,0
002_S_4270,1,0,0,0,1,1,0,1,0,2,1,0,0,0,0,0,0,0,0,0,0,0,1,1,0,0,1,1,1,0,1,1,1,1,1,1,0,0,0,0,1,0,1,1,1,1,0,0,1,0,0,0,0,1
002_S_4447,1,0,1,0,0,0,0,1,0,1,0,0,0,0,1,1,0,0,0,1,1,1,2,2,0,0,1,1,1,1,0,0,0,0,0,0,0,0,1,1,2,0,0,0,2,0,0,0,0,1,0,0,0,1
002_S_4473,0,0,1,1,0,0,0,2,1,1,0,1,2,1,0,0,0,0,0,0,2,0,0,0,1,1,1,1,1,1,2,1,1,0,0,0,0,0,0,0,1,1,1,0,1,0,0,0,1,0,0,0,0,1
002_S_4746,1,0,0,0,1,1,1,0,2,1,1,0,0,0,0,0,0,0,0,1,1,2,0,0,2,2,2,2,1,0,0,0,0,1,2,2,0,0,2,2,2,0,0,0,1,0,1,1,0,0,0,0,0,0
002_S_4799,0,0,0,0,2,2,0,1,0,1,1,2,2,2,0,0,0,0,0,0,0,0,0,0,0,0,1,1,0,2,2,2,2,1,1,1,1,1,0,0,0,0,1,0,1,0,1,1,0,1,0,0,0,0
002_S_5018,1,1,1,1,1,1,1,1,0,1,0,0,0,0,0,1,0,0,0,1,2,1,1,1,0,0,1,1,1,0,1,1,1,1,2,2,0,0,0,0,0,2,2,0,2,0,0,0,0,0,0,0,0,2
003_S_2374,0,0,0,0,2,2,0,2,1,1,0,1,1,1,0,0,0,0,0,0,0,1,1,1,1,1,0,0,1,1,0,0,0,0,0,0,0,0,2,2,2,0,1,0,0,1,1,1,0,0,0,0,0,0
003_S_4081,1,0,0,0,1,1,0,1,0,0,1,1,2,1,1,1,0,0,0,1,1,1,1,1,0,0,1,1,0,2,1,1,1,0,0,0,1,1,0,0,0,2,1,0,0,0,0,0,0,2,0,0,0,1
003_S_4119,1,1,1,1,0,0,0,0,0,2,0,0,0,0,2,2,1,1,1,2,2,2,2,2,1,1,2,2,2,0,1,1,1,1,1,1,0,0,0,0,0,0,1,1,0,0,1,1,0,0,0,0,0,0
003_S_4152,2,0,0,0,1,1,0,0,1,1,0,1,1,1,0,0,1,1,1,0,1,1,1,1,0,0,1,1,1,1,2,2,2,1,1,1,0,0,1,1,1,0,1,0,0,0,1,1,0,1,0,0,0,0
003_S_4288,1,0,0,0,0,0,0,1,0,1,0,1,1,1,0,0,2,2,2,0,2,0,1,1,1,1,2,2,1,1,0,0,0,2,2,2,0,0,0,0,0,1,1,0,1,0,0,0,0,0,0,0,0,0
003_S_4350,1,0,0,0,1,1,0,1,0,2,0,1,1,1,0,0,1,1,1,2,2,2,1,1,1,1,2,2,1,0,1,1,1,1,1,1,1,1,1,1,2,0,1,0,1,1,0,0,0,0,0,0,0,0
003_S_4354,1,1,1,1,1,1,0,0,0,2,0,1,2,1,0,0,0,0,0,1,1,1,0,0,2,2,0,0,0,2,0,0,0,1,1,1,0,0,0,0,1,1,1,0,1,0,0,0,0,0,0,0,0,0
003_S_4373,0,0,0,0,1,1,1,1,1,1,1,2,2,2,2,2,0,0,0,1,1,1,2,2,1,1,2,2,1,1,1,1,1,1,1,1,0,0,1,1,1,0,0,0,2,0,0,0,0,1,0,0,0,1
003_S_4524,0,0,0,0,0,0,0,0,1,2,0,0,0,0,2,2,0,0,0,0,0,0,0,0,1,1,0,0,1,1,1,1,1,1,1,1,0,0,1,1,1,1,1,0,1,1,0,0,1,1,1,1,1,2
003_S_5165,1,0,0,0,2,2,0,2,0,2,2,0,0,0,1,1,1,1,1,0,0,0,1,1,1,1,1,1,0,2,1,0,0,0,0,0,1,1,1,1,1,1,0,0,1,0,1,1,0,0,0,0,0,0
003_S_5209,1,0,0,0,0,0,0,1,0,2,2,1,1,1,1,2,1,1,1,1,1,2,0,1,1,1,1,1,1,1,1,1,1,0,0,0,0,0,1,1,1,1,1,0,1,0,0,0,0,1,0,0,0,0
005_S_0546,0,0,0,0,1,1,1,2,1,0,0,1,1,1,0,0,2,2,2,1,1,1,0,0,1,1,0,0,2,0,1,1,1,1,1,1,0,0,1,1,1,0,2,0,2,0,0,0,0,0,0,0,0,1
005_S_0553,0,0,0,0,1,1,1,1,1,0,1,0,1,0,2,2,1,1,1,2,2,2,0,0,0,0,1,1,2,0,2,2,1,0,0,0,0,0,1,1,1,0,1,0,1,0,1,1,0,0,0,0,0,0
005_S_0602,0,0,0,0,1,1,0,2,0,1,1,0,0,0,0,0,0,0,0,0,1,0,1,1,0,0,1,1,1,0,1,1,1,2,2,2,0,0,0,0,0,1,0,1,2,1,1,1,0,1,0,0,0,0
005_S_2390,2,1,1,1,2,2,0,1,0,0,0,0,0,0,2,2,0,0,0,0,2,0,0,0,2,2,0,0,0,2,2,1,1,0,0,0,0,0,1,1,1,1,0,0,1,1,0,0,0,1,1,1,1,0
005_S_4910,1,1,1,1,0,0,0,1,0,2,1,1,1,1,1,1,0,0,0,0,0,0,1,1,0,0,1,1,1,1,0,0,0,1,1,1,0,0,0,0,0,2,0,0,1,0,0,0,0,1,0,0,0,0
005_S_5038,0,1,1,1,1,1,0,2,2,1,0,0,0,0,1,1,0,0,0,1,2,1,0,0,1,1,1,1,1,1,1,1,1,1,1,1,0,0,1,1,2,0,0,0,0,0,0,0,0,0,0,0,0,0
005_S_5119,1,1,1,1,0,0,1,1,0,0,0,0,1,0,0,0,0,0,0,0,0,0,2,2,1,1,0,0,1,1,1,1,2,1,1,1,0,0,0,0,0,0,2,1,2,1,0,0,0,0,0,0,0,0
006_S_4192,0,0,1,0,1,1,1,1,0,0,1,0,0,0,0,0,0,0,0,0,0,0,1,1,1,1,0,0,1,1,0,0,0,0,0,0,0,0,0,0,0,0,0,1,2,0,1,1,0,1,0,0,0,1
006_S_4346,0,0,0,0,0,0,0,1,2,1,1,1,1,1,1,1,0,0,0,1,2,2,0,0,1,1,1,1,0,2,0,0,0,1,1,1,0,0,1,1,2,1,0,0,0,1,0,0,0,0,0,0,0,2
006_S_4363,1,0,0,0,1,1,0,2,0,1,1,0,1,0,1,0,0,0,0,0,2,0,1,1,0,0,0,0,0,0,2,2,2,0,0,0,0,0,0,0,0,0,0,0,1,0,1,1,0,0,0,0,0,0
006_S_4449,0,0,0,0,0,0,1,1,0,1,0,0,1,0,1,2,0,0,0,0,1,0,1,1,1,1,0,0,0,1,1,1,1,1,1,1,0,0,0,0,1,0,0,2,0,0,1,1,0,0,1,1,0,0
006_S_4485,0,0,0,0,2,2,0,1,0,1,0,2,2,2,1,2,1,1,1,0,0,0,1,1,1,1,1,1,1,0,2,1,1,0,0,0,0,0,0,0,0,0,2,0,2,1,0,0,0,0,0,0,0,0
006_S_4546,2,1,1,1,0,0,0,0,0,0,1,0,0,0,0,0,0,0,0,0,0,0,2,2,0,0,0,0,1,0,1,1,1,1,2,2,0,0,0,0,0,0,2,0,0,0,0,0,0,0,0,0,0,1
006_S_4679,0,0,0,0,1,1,0,1,0,0,1,2,2,2,0,0,2,2,2,1,1,1,2,2,1,1,0,0,1,1,2,2,2,1,1,1,0,0,0,0,0,0,1,0,1,0,0,0,1,1,0,0,0,1
006_S_4713,0,1,1,1,1,1,2,0,0,1,0,1,1,1,0,0,0,0,0,0,1,0,0,0,2,2,1,1,0,2,0,0,0,0,0,0,1,1,1,1,1,0,2,0,1,0,0,0,0,1,0,0,0,1
006_S_4960,0,1,1,1,1,0,0,1,1,0,1,0,0,0,0,0,0,0,0,0,1,1,0,0,1,1,0,0,0,1,2,2,1,1,1,1,0,0,0,0,0,0,0,0,1,0,0,0,1,1,0,0,0,1
006_S_5153,1,0,0,0,1,1,0,2,0,1,1,0,0,0,0,0,1,1,1,0,1,1,0,0,1,1,0,0,1,1,1,1,1,1,1,1,1,1,0,0,0,0,0,0,0,1,0,0,0,1,0,0,0,0
007_S_0101,1,1,1,1,2,2,1,0,2,1,0,0,0,0,1,1,0,0,0,0,1,1,0,0,1,1,1,1,1,1,1,1,1,0,0,0,1,1,1,1,1,1,1,0,1,0,0,0,1,1,0,0,0,2
007_S_0698,0,1,1,1,1,1,0,1,1,1,0,1,1,1,1,1,0,0,0,0,1,0,1,1,0,0,1,1,2,0,0,0,0,2,2,2,0,0,1,1,1,0,2,0,0,1,1,1,0,0,0,0,0,1
007_S_1206,0,0,0,0,1,1,0,2,0,2,1,1,1,1,1,1,1,1,1,0,1,0,1,1,1,1,0,0,1,1,1,1,1,1,1,1,0,0,1,1,1,0,0,0,1,0,0,0,0,2,1,1,1,0
007_S_2058,0,0,0,0,1,0,1,2,0,1,1,0,0,0,0,0,1,1,1,0,1,1,0,0,1,1,1,1,1,1,0,0,0,1,1,1,0,0,0,0,0,1,0,0,0,0,0,0,0,0,0,0,0,1
007_S_2106,1,2,2,2,1,1,2,1,0,0,1,0,0,0,0,0,1,1,1,0,1,1,1,1,0,0,0,0,0,1,0,0,0,0,1,1,0,0,0,0,0,0,2,1,0,1,0,0,0,0,0,0,0,0
007_S_2394,1,0,0,0,1,1,1,0,0,0,0,2,2,2,2,2,0,0,0,0,2,2,1,1,1,1,1,1,1,0,1,1,1,1,1,1,0,0,1,1,1,0,1,0,1,0,0,0,1,0,0,0,0,2
007_S_4272,1,0,0,0,0,0,1,0,0,0,0,0,0,0,0,0,0,0,0,0,0,1,1,1,2,2,1,1,2,0,0,0,0,0,1,1,0,0,2,2,2,0,2,0,2,0,0,0,0,1,0,0,0,0
007_S_4387,0,0,0,0,2,2,1,0,0,0,1,0,0,0,1,1,2,1,1,0,1,0,2,2,0,0,1,1,1,1,2,2,2,1,0,0,0,0,0,0,1,1,0,2,0,0,0,0,0,1,0,0,0,1
007_S_4488,1,0,0,0,1,1,0,1,1,2,1,0,0,0,1,0,1,0,0,0,1,1,0,0,1,1,0,0,1,0,0,0,0,0,0,0,0,0,0,0,1,0,1,0,1,1,1,1,0,1,0,0,0,0
007_S_4516,0,1,1,1,0,0,1,0,1,1,0,0,0,0,1,1,1,0,0,1,2,1,1,1,2,2,1,1,0,1,2,2,2,0,0,0,0,0,0,0,0,2,0,0,0,0,0,0,0,0,0,0,0,0
007_S_4568,1,1,1,1,2,2,0,1,0,0,1,1,1,1,0,0,0,0,0,1,2,2,2,2,1,1,2,2,2,0,1,1,1,0,0,0,1,1,0,0,1,1,0,0,0,1,1,1,0,1,1,1,1,1
007_S_4620,0,1,1,1,1,1,1,1,1,0,1,1,1,1,0,0,0,0,0,0,1,1,1,1,0,0,0,0,0,0,2,2,2,0,0,0,0,0,0,0,0,0,1,0,1,1,1,1,0,0,0,0,0,0
009_S_0751,1,1,1,1,1,0,0,0,0,1,1,1,1,1,1,1,1,1,1,1,2,1,2,2,1,1,1,1,1,0,0,0,0,1,1,1,1,1,0,0,1,0,0,0,1,0,0,0,0,1,0,0,0,0
009_S_0842,0,1,1,1,1,1,0,1,0,1,1,0,1,0,1,1,0,0,0,0,1,1,1,1,1,1,0,0,1,1,1,1,1,0,0,0,1,1,1,1,1,0,1,1,1,0,2,2,0,2,0,0,0,1
009_S_1030,0,0,0,0,0,0,0,1,0,1,0,1,2,1,2,2,0,0,1,1,2,2,1,1,0,0,0,2,2,0,0,0,0,1,1,1,0,0,1,1,1,0,0,0,1,0,0,0,0,1,1,1,1,0
009_S_2208,0,0,0,0,2,2,0,1,1,1,0,0,0,0,1,1,0,0,0,0,2,1,1,1,0,0,0,0,2,0,1,1,1,1,2,2,0,0,1,1,1,1,0,0,1,0,1,1,0,1,0,0,0,1
009_S_4324,1,1,1,1,1,1,1,1,1,0,0,1,1,1,0,0,0,0,1,0,0,0,0,0,1,1,1,1,1,1,1,1,1,1,0,0,0,0,0,0,0,0,1,1,0,0,1,1,0,0,1,1,1,1
009_S_4337,0,0,0,0,1,1,1,0,2,0,0,0,0,0,0,0,1,1,1,0,2,1,0,0,1,1,0,0,1,1,0,0,0,0,0,0,1,1,0,0,0,0,1,0,0,1,0,0,0,0,0,0,0,0
009_S_4530,1,0,0,0,1,1,2,1,1,1,0,2,2,2,0,1,2,2,2,0,0,0,0,0,1,1,2,2,0,2,1,1,1,1,1,1,0,0,1,1,1,0,0,0,0,0,0,0,0,1,0,0,0,1
009_S_4612,0,0,0,0,2,2,0,0,1,1,1,1,1,1,0,0,1,1,1,0,0,0,0,0,1,1,1,1,0,0,0,0,0,1,2,2,0,0,2,2,2,0,0,0,1,1,1,1,0,1,1,1,1,1
009_S_4814,0,0,0,0,1,1,0,0,0,0,0,0,0,0,0,0,0,0,0,0,1,0,0,0,1,1,1,1,0,2,0,0,0,0,0,0,1,1,0,0,0,0,1,0,1,0,0,0,0,1,0,0,0,0
009_S_4958,1,1,1,1,1,1,0,2,0,0,0,1,1,1,0,0,1,1,1,0,1,0,1,1,0,0,1,1,1,1,1,0,0,1,1,1,1,1,0,0,0,1,0,2,1,0,0,0,0,0,1,1,1,1
009_S_5252,1,1,1,1,2,2,1,0,0,1,1,0,1,0,1,1,1,1,1,0,2,0,0,0,1,1,1,1,2,0,0,0,0,0,0,0,0,0,1,1,1,1,0,0,0,0,0,0,0,0,0,0,0,0
010_S_0419,1,0,0,0,0,0,0,0,1,1,0,0,0,0,1,1,1,0,0,0,0,1,0,0,0,0,2,2,0,2,1,1,1,2,1,1,0,0,1,1,1,0,1,0,0,0,0,0,0,0,0,0,0,0
010_S_0420,0,1,1,1,1,1,2,0,2,0,1,0,1,0,1,1,0,0,0,0,0,1,1,1,2,2,2,2,0,1,1,0,0,1,1,1,0,0,0,0,0,0,1,1,2,1,0,0,0,1,0,0,0,0
011_S_4075,0,0,0,0,0,0,0,1,0,0,0,0,0,0,2,2,0,0,0,0,1,0,1,1,2,2,0,0,0,2,2,2,2,1,1,1,1,1,0,0,0,0,1,0,2,0,0,0,1,1,0,0,0,1
011_S_4105,1,0,0,0,0,0,0,1,1,1,0,0,0,0,2,2,1,1,1,0,0,0,1,1,1,1,0,0,2,0,2,2,2,0,0,0,0,0,0,0,1,1,1,0,1,1,1,1,0,0,0,0,0,0
011_S_4120,0,0,0,0,0,0,0,1,0,1,2,0,0,0,0,0,1,1,1,0,0,0,1,1,1,1,2,2,1,1,0,0,0,0,1,1,0,0,1,1,1,0,1,0,0,0,0,0,0,1,1,1,1,0
011_S_4222,1,0,0,0,0,0,0,2,0,2,0,1,1,1,0,0,1,1,1,1,2,1,1,1,0,0,0,0,1,1,1,1,1,1,1,1,1,1,0,0,0,0,0,0,2,0,0,0,0,0,1,1,1,1
011_S_4278,0,0,0,0,2,2,0,2,0,1,1,1,2,1,1,1,0,0,0,0,0,0,2,2,0,0,2,2,0,1,1,1,1,1,1,1,0,0,1,1,1,0,0,0,2,0,1,1,0,1,0,0,0,1
011_S_4366,0,0,0,0,1,1,0,0,1,0,1,0,1,0,0,0,1,0,0,0,0,0,1,1,1,1,0,0,1,1,1,1,1,0,0,0,0,0,1,1,1,1,0,0,2,0,0,0,0,0,0,0,0,1
011_S_4547,1,0,0,0,0,0,1,1,0,1,1,0,0,0,1,1,1,1,1,0,1,1,2,2,0,0,1,1,1,1,1,1,1,0,0,0,0,0,1,1,2,1,1,1,0,0,1,1,0,2,0,0,0,0
011_S_4827,0,0,0,0,2,2,0,1,0,1,0,1,1,1,0,0,0,0,0,0,1,1,0,0,2,2,0,0,0,1,0,0,0,1,1,1,1,1,1,1,1,0,0,0,2,0,1,1,1,0,1,1,1,1
011_S_4845,0,0,0,0,1,1,0,1,1,0,0,1,1,1,0,0,0,0,0,0,2,1,1,1,0,0,1,1,2,0,2,2,2,2,2,2,0,0,1,1,1,0,0,1,1,0,0,0,0,0,0,0,0,1
012_S_4026,0,0,0,0,0,0,0,0,1,2,0,1,1,1,0,0,0,0,0,1,1,1,1,1,0,0,0,0,0,0,1,1,1,0,0,0,0,0,0,0,1,1,1,1,1,1,0,0,0,2,0,0,0,0
012_S_4094,1,1,1,1,2,2,0,2,0,2,1,1,1,1,1,1,1,0,0,1,1,1,0,0,2,2,1,1,2,0,0,0,0,0,0,0,0,0,0,0,0,2,0,1,2,0,0,0,0,1,0,0,0,0
012_S_4128,0,0,0,0,2,2,1,1,1,1,1,1,2,1,1,1,1,1,1,0,0,1,0,0,1,1,1,1,0,2,1,1,1,0,0,0,0,0,1,1,1,1,0,0,2,0,0,0,0,0,0,0,0,1
012_S_4545,2,0,0,0,1,1,0,2,1,2,1,0,0,0,1,1,0,0,0,1,1,1,0,0,1,1,1,1,1,0,1,1,1,0,0,0,0,0,1,1,1,0,1,0,1,0,0,0,0,1,0,0,0,0
012_S_4643,1,0,0,0,0,0,1,1,0,1,0,1,1,1,2,2,0,0,0,1,1,1,2,2,0,0,1,1,2,0,1,1,1,1,1,1,0,0,2,2,2,0,1,0,2,0,1,1,0,0,0,0,0,0
012_S_4849,1,0,0,0,1,1,2,0,1,0,0,0,1,0,0,0,1,1,1,1,1,0,1,1,0,0,1,1,1,1,1,1,1,2,2,2,0,0,1,1,1,1,0,0,0,1,2,2,0,2,0,0,0,2
012_S_4987,0,1,1,1,1,1,1,1,0,2,0,1,1,1,0,0,1,0,0,1,1,1,0,0,2,2,1,1,2,0,1,0,0,1,1,1,0,0,0,0,1,1,1,0,0,0,0,0,0,0,0,0,0,0
012_S_5121,0,0,0,0,1,1,0,2,1,1,1,0,0,0,1,1,0,0,0,0,0,0,0,0,1,1,1,1,1,0,1,1,1,1,1,1,0,0,0,0,0,1,0,1,2,1,1,1,0,1,0,0,0,0
012_S_5157,1,1,1,1,1,1,2,0,2,1,0,1,1,1,0,0,0,0,0,0,1,1,1,1,2,2,1,1,1,1,1,1,1,2,1,1,0,0,1,1,1,1,0,0,1,0,0,0,0,1,0,0,0,0
012_S_5213,0,1,1,1,1,1,0,1,1,0,1,0,1,0,2,2,1,1,1,0,0,1,1,1,0,0,2,2,1,0,1,1,1,1,1,1,0,0,1,1,2,0,0,0,1,0,1,1,0,0,0,0,0,0
013_S_4268,0,0,0,0,2,2,2,0,0,0,1,0,0,0,1,1,0,0,0,0,2,0,1,1,1,1,0,0,1,0,1,1,1,0,0,0,0,0,0,0,0,0,2,0,1,1,0,0,0,0,1,1,1,0
013_S_4595,1,1,1,1,1,1,0,0,0,1,0,1,1,1,1,1,1,1,1,1,1,1,1,1,0,0,2,2,1,0,1,1,1,0,0,0,0,0,0,0,1,0,1,0,0,0,0,0,0,0,0,0,0,0
013_S_5137,1,1,1,1,0,0,1,1,1,0,1,0,0,0,0,0,0,0,0,1,1,1,0,0,0,0,1,1,0,0,1,1,1,1,0,0,1,1,0,0,0,0,0,1,0,1,0,0,0,1,0,0,0,0
013_S_5171,0,1,1,1,1,1,0,1,0,1,1,1,1,1,1,1,1,1,1,0,0,1,1,1,1,1,0,0,0,2,1,1,1,1,1,1,0,0,0,0,0,2,0,0,1,0,1,1,0,1,0,0,0,0
014_S_0658,1,0,0,0,1,0,0,2,0,1,0,1,1,1,0,0,1,1,1,0,0,0,0,0,2,2,1,1,1,1,0,0,1,0,0,0,1,1,1,1,1,1,2,1,0,0,2,2,0,1,0,0,0,0
014_S_2308,0,1,1,1,0,0,0,1,0,1,1,1,2,1,0,0,0,0,0,0,1,1,2,2,0,0,2,2,1,1,0,0,1,0,0,0,0,0,0,0,1,0,1,0,1,0,1,1,0,0,0,0,0,0
014_S_4039,0,0,0,0,1,1,0,1,0,2,0,0,1,0,2,2,0,0,0,0,0,1,1,1,0,0,0,0,2,0,0,0,0,1,1,1,0,0,0,0,1,1,0,0,2,0,0,0,0,1,0,0,0,1
014_S_4058,0,1,1,1,1,1,0,2,0,0,1,0,1,0,1,1,0,0,0,0,1,0,0,0,1,1,1,1,1,1,1,1,1,0,0,0,0,0,1,1,2,1,0,0,1,0,1,1,0,2,0,0,0,1
014_S_4080,0,0,0,0,0,0,0,1,1,0,0,1,1,1,1,1,0,0,0,0,0,0,2,2,2,2,0,0,0,1,0,0,0,1,1,1,1,1,1,1,2,1,0,0,1,0,1,1,0,1,1,1,0,0
014_S_4263,1,0,0,0,2,2,0,1,0,0,1,0,0,0,0,0,1,1,1,0,0,0,0,0,0,0,0,0,1,0,1,1,1,0,1,1,0,0,0,0,1,0,2,0,0,0,2,2,0,0,0,0,0,1
014_S_4401,0,0,0,0,0,0,1,1,0,0,0,0,0,0,1,1,0,0,0,0,2,0,0,0,1,1,0,0,1,1,0,0,0,1,2,2,1,1,0,0,0,0,1,0,0,0,1,1,0,0,0,0,0,1
014_S_4615,0,0,0,0,1,1,0,1,0,0,0,1,1,1,1,1,0,0,0,0,1,1,1,1,1,1,1,1,2,0,2,2,2,0,0,0,1,1,2,2,2,1,1,1,2,0,0,0,0,1,0,0,0,0
014_S_4668,2,0,0,0,0,0,0,0,0,1,1,1,1,1,0,0,1,1,1,0,0,0,2,2,0,0,0,0,0,0,0,0,0,0,0,0,0,0,0,0,0,1,2,1,0,0,0,0,0,0,0,0,0,1
016_S_0702,0,0,0,0,0,0,1,1,0,0,1,1,2,1,1,0,0,0,0,1,1,1,1,1,1,1,0,0,2,0,1,1,1,0,0,0,0,0,0,0,1,1,0,0,0,0,0,0,1,1,1,1,1,1
016_S_1117,2,0,0,0,1,1,2,0,2,0,0,1,1,1,0,0,0,0,0,1,2,1,1,1,0,0,2,2,1,1,1,1,1,2,2,2,0,0,0,0,0,1,0,0,1,0,0,0,0,0,0,0,0,0
016_S_2031,0,0,0,0,2,2,0,1,0,2,0,0,0,0,1,1,0,0,0,0,0,2,2,2,0,1,1,1,0,2,0,0,0,1,1,1,0,0,2,2,2,1,0,1,1,1,1,1,0,0,1,1,1,0
016_S_4353,1,1,1,1,2,2,1,0,1,2,0,0,1,0,0,0,1,0,0,1,1,1,0,0,1,1,2,2,0,1,2,2,2,0,0,0,0,0,1,1,2,1,1,0,0,0,1,1,0,0,0,0,0,1
016_S_4584,1,0,0,0,0,0,0,1,0,0,0,0,0,0,1,1,1,1,0,1,2,1,2,2,1,2,1,1,1,1,0,0,0,0,0,0,0,0,1,1,1,0,0,0,2,0,1,1,1,0,1,1,1,1
016_S_4646,0,1,1,1,0,0,2,0,1,1,1,0,0,0,1,1,1,1,1,0,0,1,1,1,0,0,0,0,1,0,1,1,1,2,2,2,0,0,0,0,0,1,0,1,0,2,0,0,1,0,0,0,0,1
016_S_4951,1,0,0,0,2,2,1,0,0,1,0,0,1,0,1,1,1,0,1,0,1,1,2,2,0,0,1,1,2,0,1,1,1,0,0,0,0,0,0,0,0,1,0,0,1,0,1,2,1,1,1,1,0,1
016_S_4952,0,0,0,0,2,2,1,1,0,1,0,0,0,0,1,1,0,0,0,0,1,1,2,2,0,0,1,1,2,0,1,1,1,0,0,0,0,0,0,0,0,1,0,0,2,0,0,0,1,0,0,0,0,1
018_S_4400,0,1,1,1,2,2,1,0,0,0,0,0,0,0,0,0,0,0,0,0,1,0,0,0,0,0,2,2,0,0,1,1,1,0,0,0,0,0,1,1,1,0,1,1,2,0,0,0,0,0,1,1,1,1
018_S_4597,0,1,1,1,1,1,1,1,0,0,2,0,1,0,1,1,1,1,1,1,2,1,2,2,1,1,2,2,1,1,0,0,0,2,2,2,0,0,0,0,0,0,0,0,1,0,1,1,0,0,0,0,0,0
018_S_4696,0,1,1,1,1,0,0,2,0,2,0,2,2,2,0,0,1,1,1,1,1,1,0,0,0,0,0,0,1,1,0,0,0,1,2,2,0,0,1,1,1,1,0,0,1,0,0,0,1,0,0,0,0,1
018_S_4868,2,0,0,0,2,1,0,0,0,2,1,0,1,0,1,1,0,0,0,2,2,2,0,0,1,1,0,1,2,0,1,1,1,0,0,0,0,0,0,0,0,1,1,0,1,0,1,1,0,2,1,1,1,2
018_S_4889,1,1,1,1,1,1,0,2,1,1,1,0,0,0,0,0,1,1,1,0,0,0,0,0,1,1,0,0,1,0,2,2,2,1,1,1,0,0,0,0,1,1,1,0,1,0,0,0,0,0,0,0,0,0
019_S_4252,1,1,1,1,2,2,1,0,0,0,1,0,0,0,0,0,0,0,0,0,2,1,0,0,1,1,0,0,0,0,0,0,0,1,1,1,0,0,0,0,0,1,0,0,1,0,1,1,0,1,0,0,0,1
019_S_4285,0,1,1,1,0,0,0,2,2,1,0,0,1,0,1,1,1,1,1,2,2,2,1,1,1,1,1,1,1,0,0,0,0,0,0,0,1,1,1,1,1,1,0,0,1,0,0,0,0,0,0,0,0,0
019_S_4293,0,0,0,0,0,0,0,0,0,1,1,0,0,0,0,0,0,0,0,0,2,1,1,1,1,1,1,1,1,0,2,2,1,1,1,1,0,0,0,0,0,0,0,0,0,0,1,1,0,1,0,0,0,0
019_S_4367,1,1,1,1,0,0,0,1,1,1,0,1,1,1,0,0,0,0,1,1,2,1,0,0,0,0,0,0,1,0,2,2,2,1,1,1,0,0,1,1,2,0,0,1,1,1,1,1,0,1,0,0,0,1
019_S_4477,0,0,0,0,0,0,1,1,0,0,1,0,0,0,1,1,2,1,1,0,1,2,1,1,1,1,2,2,0,1,1,1,1,0,0,0,0,0,0,0,0,0,1,1,2,1,0,0,1,0,0,0,0,1
019_S_4548,0,1,1,1,0,0,0,1,1,0,1,0,0,0,1,2,1,1,1,1,1,1,1,1,0,0,1,1,1,1,0,0,0,1,1,1,0,0,0,0,0,0,2,1,0,0,0,0,0,0,0,0,0,0
019_S_4680,0,1,1,1,2,2,0,0,2,0,1,0,0,0,1,1,0,0,0,0,2,0,1,1,1,1,0,0,1,1,0,0,0,2,2,2,0,0,1,1,1,1,1,0,2,0,0,0,1,1,1,1,1,2
019_S_4835,1,0,0,0,0,0,0,2,0,1,0,0,0,0,1,1,2,2,2,0,0,1,1,1,1,1,1,1,1,1,0,0,0,0,0,0,0,0,0,0,0,0,0,0,0,0,1,1,0,0,0,0,0,0
019_S_5012,0,0,0,0,2,2,0,2,2,0,0,1,1,1,1,1,0,0,0,1,1,1,2,2,1,1,1,1,1,2,0,0,0,0,1,1,0,0,0,0,0,1,0,0,0,1,0,0,0,1,0,0,0,2
019_S_5019,0,1,1,1,0,0,1,0,1,1,1,0,0,0,1,1,0,0,0,0,0,0,0,0,2,2,2,2,1,1,1,1,1,1,1,1,0,0,0,0,0,0,0,1,0,0,0,0,1,1,0,0,0,2
019_S_5242,0,0,0,0,1,1,1,1,1,1,0,1,2,1,1,1,1,1,1,0,0,1,1,1,1,1,2,2,1,1,1,1,1,1,1,1,0,0,1,1,1,0,0,1,1,0,0,0,0,1,0,0,0,0
020_S_5203,0,0,0,0,2,2,1,0,1,1,2,0,0,0,2,2,2,2,2,0,0,0,0,0,1,1,0,0,1,0,0,0,0,1,1,1,0,0,0,0,1,2,0,0,2,0,0,0,0,1,1,1,1,0
021_S_0626,1,0,0,0,1,1,0,2,0,0,1,0,2,0,0,0,1,1,1,1,1,1,0,0,1,1,1,1,0,1,0,0,0,1,0,0,0,0,1,1,1,1,0,1,1,1,0,0,0,1,0,0,0,0
021_S_0984,1,1,1,1,2,2,0,1,0,1,1,1,1,1,0,0,0,0,0,0,0,0,1,1,0,0,0,0,0,1,1,1,0,1,1,1,0,0,0,0,0,0,1,0,1,0,0,0,0,2,1,1,1,1
021_S_2100,0,0,0,0,1,1,1,1,2,1,0,0,0,0,0,0,1,1,1,0,1,0,0,0,1,1,2,2,0,1,1,1,1,1,0,0,0,0,1,1,1,1,1,1,1,0,1,1,0,2,0,0,0,0
021_S_2124,0,0,0,0,0,0,1,1,0,0,0,1,1,1,0,0,0,0,0,2,2,1,0,0,1,1,1,1,1,1,0,0,0,0,0,0,1,1,1,1,1,2,0,0,1,0,0,0,0,2,1,1,1,0
021_S_2125,0,1,1,1,1,1,0,2,1,1,0,0,1,0,0,0,1,1,1,1,1,1,1,1,1,1,0,0,0,2,0,1,1,0,0,0,0,0,0,0,0,1,1,0,2,0,0,0,0,0,0,0,0,0
021_S_2142,0,0,0,0,1,1,0,2,0,0,1,1,1,1,1,1,2,1,1,0,1,0,2,2,0,0,0,0,1,1,1,1,1,2,2,2,0,0,1,1,1,1,1,0,1,0,0,0,0,0,0,0,0,0
021_S_2150,0,1,1,1,0,0,1,0,0,1,0,0,1,0,2,2,1,1,1,0,1,1,2,2,2,1,0,0,2,0,1,1,1,0,1,1,0,0,0,1,2,1,1,0,0,0,0,0,0,0,0,0,0,1
021_S_4254,0,0,0,0,1,1,0,2,1,1,0,0,1,0,0,0,2,2,2,0,1,0,1,1,2,2,1,1,1,0,2,2,2,0,0,0,1,1,2,2,2,0,1,0,2,1,0,0,0,1,0,0,0,0
021_S_4276,1,0,0,0,1,1,0,1,1,0,0,1,1,1,1,1,1,1,1,1,1,2,1,1,2,2,2,2,2,0,0,0,0,0,0,0,0,0,1,1,2,0,1,0,1,1,0,0,1,0,0,0,0,1
021_S_4335,0,2,2,2,1,1,0,2,0,1,1,0,1,0,2,2,1,1,1,0,1,0,2,2,0,0,0,0,0,1,1,0,0,1,1,1,1,1,0,0,0,0,0,0,2,1,1,1,0,1,0,0,0,0
021_S_4718,0,0,0,0,1,1,1,1,0,1,0,0,0,0,2,2,1,1,1,0,1,0,0,0,1,1,1,1,0,1,1,1,1,0,0,0,0,0,0,0,0,0,0,0,1,0,0,0,0,0,0,0,0,1
021_S_4857,1,1,1,1,1,1,2,0,1,0,0,0,1,0,0,0,1,1,1,0,1,0,1,1,0,0,2,2,1,1,1,1,1,1,1,1,1,1,0,0,1,1,1,0,2,1,1,1,0,1,0,0,0,1
021_S_4924,0,0,0,0,1,1,0,1,1,1,0,0,0,0,1,1,1,1,1,0,1,0,1,1,1,1,1,1,0,1,1,1,1,1,1,1,1,1,0,0,0,1,1,0,2,0,0,0,0,0,0,0,0,0
021_S_5099,0,1,1,1,1,0,0,2,1,1,0,0,0,0,1,1,1,1,1,1,2,2,1,1,2,2,0,0,0,1,1,1,1,1,1,1,0,0,1,1,1,0,1,1,2,0,0,0,0,1,0,0,0,1
021_S_5129,0,1,1,1,2,2,1,0,0,1,0,0,0,0,1,1,1,0,0,1,2,0,1,1,1,1,2,2,1,0,2,2,2,0,0,0,0,0,1,1,1,0,0,0,1,0,1,1,0,1,0,0,0,1
021_S_5194,2,0,0,0,1,1,0,0,1,1,0,0,0,0,0,0,1,1,1,0,0,0,0,0,2,2,1,1,1,1,0,0,0,0,0,0,0,0,0,0,0,1,1,0,0,1,0,0,0,0,0,0,0,0
021_S_5236,0,0,0,0,0,0,0,2,0,1,1,0,0,0,0,0,0,0,0,1,1,1,0,0,0,0,0,0,1,0,1,1,1,0,1,1,0,0,1,1,1,1,1,0,2,0,2,2,0,0,0,0,0,0
021_S_5237,1,0,0,0,2,2,0,1,0,0,1,0,1,0,0,0,1,1,1,0,1,2,0,0,1,1,1,1,0,1,1,1,1,0,0,0,1,1,0,0,0,1,0,1,1,0,0,0,1,0,0,0,0,1
022_S_0096,0,0,1,0,1,1,1,0,1,1,1,0,0,0,2,1,0,0,0,0,1,0,1,1,0,0,0,0,2,0,1,1,1,0,0,0,0,0,0,0,0,0,0,0,0,0,0,0,0,1,0,0,0,0
022_S_2087,1,0,0,0,0,0,0,1,0,2,0,1,1,1,2,2,1,1,1,1,1,1,1,1,1,0,0,0,1,1,1,1,1,1,1,1,0,0,0,0,0,0,1,1,0,1,0,0,0,0,0,0,0,1
022_S_2167,0,0,0,0,0,0,0,1,2,0,1,1,1,1,2,2,0,0,0,0,1,0,2,2,1,1,0,0,2,0,0,0,0,1,1,1,0,0,1,1,1,0,0,1,2,0,0,0,0,0,0,0,0,0
022_S_4196,0,0,0,0,0,0,0,2,1,1,0,2,2,2,1,1,1,1,1,0,2,0,0,0,0,0,1,1,0,1,0,0,0,1,1,1,1,1,0,0,0,0,1,0,1,0,1,1,0,0,0,0,0,0
022_S_4266,1,0,0,0,0,0,2,0,0,1,0,1,1,1,0,0,1,1,1,0,1,1,1,1,1,1,1,1,1,1,1,1,1,2,2,2,0,0,0,0,0,1,0,0,1,0,0,0,0,0,0,0,0,1
022_S_4291,0,0,0,0,2,1,1,0,1,1,1,2,2,2,1,0,2,2,2,0,1,0,0,0,0,0,0,0,1,0,0,0,0,0,1,1,0,0,1,1,1,1,1,0,1,0,0,0,0,0,0,0,0,0
022_S_4320,2,0,0,0,0,0,0,2,1,0,1,0,0,0,1,1,2,2,2,1,1,1,0,0,0,0,0,0,2,0,0,0,0,1,2,2,0,0,0,0,1,0,1,0,0,0,0,0,0,1,0,0,0,0
022_S_4805,0,0,0,0,0,0,0,1,1,2,0,1,1,1,0,1,0,0,0,2,2,2,0,0,0,0,1,1,1,1,0,0,0,0,1,1,0,0,0,0,0,1,0,1,1,1,0,0,0,1,0,0,0,1
023_S_0031,1,1,1,1,1,1,1,1,1,0,0,1,1,1,1,1,1,0,0,0,0,0,1,1,1,1,0,0,1,1,0,0,0,0,0,0,0,0,0,0,0,2,0,0,2,0,0,0,0,2,0,0,0,0
023_S_0058,0,0,0,0,1,1,1,1,0,2,0,0,1,0,0,0,2,2,2,0,1,0,1,1,0,0,0,0,2,0,0,0,0,0,0,0,0,0,0,0,0,0,2,0,1,1,0,0,1,1,0,0,0,1
023_S_0376,0,1,1,1,1,1,0,1,0,0,0,2,2,2,1,1,1,1,1,2,2,2,0,0,1,1,2,2,1,0,1,1,1,1,1,1,0,0,1,1,1,0,2,0,1,0,0,0,0,0,0,0,0,0
023_S_0926,1,0,0,0,0,0,1,1,1,0,0,0,0,0,1,1,0,0,0,1,2,1,1,1,0,0,1,1,1,0,0,0,0,1,1,1,0,0,0,0,0,0,0,1,1,0,1,1,0,0,0,0,0,0
023_S_1046,1,1,1,1,1,1,1,1,1,0,1,0,1,0,1,1,0,0,0,0,0,0,1,1,0,0,2,2,2,0,1,1,1,0,0,0,1,1,0,0,0,0,0,1,2,1,1,1,0,0,0,0,0,1
023_S_1190,1,0,0,0,1,1,0,2,0,0,0,1,1,1,1,0,0,0,0,1,1,2,1,1,1,1,1,1,0,2,1,1,1,1,1,1,0,0,1,1,1,1,0,0,0,0,0,0,0,0,0,0,0,0
023_S_2068,1,0,1,1,0,0,1,1,0,0,0,1,1,1,2,2,0,0,0,0,1,0,1,1,0,0,2,2,1,1,2,2,2,0,0,0,0,0,0,0,0,1,2,0,2,0,0,0,1,0,0,0,0,1
023_S_4020,1,1,1,1,2,2,1,2,1,1,0,2,2,2,0,0,0,0,0,0,0,0,2,2,0,0,1,1,0,1,0,0,0,0,1,1,0,0,1,1,1,0,0,1,0,1,0,1,0,0,0,0,0,0
023_S_4034,1,0,0,0,1,1,0,0,0,1,1,0,1,0,1,1,0,0,0,0,2,0,1,1,2,2,0,0,0,2,2,2,2,0,0,0,0,0,1,1,1,0,0,0,2,0,0,0,0,2,0,0,0,2
023_S_4035,0,0,0,0,0,0,1,0,0,1,0,0,1,0,0,0,1,1,1,0,1,0,1,1,0,0,0,0,0,0,1,1,1,0,1,1,1,1,0,0,0,0,2,1,1,1,0,0,1,1,0,0,0,1
023_S_4122,0,0,0,0,0,0,1,1,0,1,0,1,1,1,1,1,0,0,0,0,1,0,0,0,1,1,1,1,1,0,1,1,1,0,0,0,0,0,0,0,0,0,0,0,0,1,0,0,0,0,0,0,0,0
023_S_4164,0,2,2,2,0,0,0,1,0,2,0,1,1,1,1,1,1,1,1,0,1,0,2,2,1,1,0,0,1,0,1,1,1,0,0,0,0,0,1,1,1,0,1,0,0,0,0,0,0,0,0,0,0,0
023_S_4241,0,0,0,0,1,1,0,1,1,1,1,0,1,0,0,0,1,1,1,0,1,0,2,2,0,0,1,1,1,1,0,0,0,0,1,1,0,0,1,1,1,0,0,1,2,0,1,1,0,0,0,0,0,0
023_S_4243,0,0,0,0,0,0,0,2,0,0,2,1,1,1,0,0,1,1,1,0,0,0,0,0,0,0,0,0,0,0,0,0,0,2,2,2,0,0,1,1,2,0,1,0,0,1,1,1,0,2,1,1,1,0
023_S_4448,1,0,0,0,1,1,1,1,0,1,0,0,0,0,1,1,1,1,1,1,1,0,1,1,1,1,1,1,0,1,2,1,1,1,1,1,1,1,1,1,1,2,2,0,1,1,1,1,0,0,0,0,0,0
023_S_4501,0,1,1,1,0,0,0,1,2,0,0,1,1,1,1,1,2,2,2,1,1,0,1,1,1,1,0,0,1,0,2,2,2,0,1,1,0,0,0,0,0,1,1,1,1,2,0,0,0,0,0,0,0,1
023_S_4502,0,0,0,0,0,0,1,0,0,0,0,1,2,1,1,1,0,0,0,0,1,1,0,0,1,1,0,0,0,2,1,1,1,2,1,1,0,0,1,1,1,0,0,0,2,0,0,0,2,0,0,0,0,2
023_S_5120,1,2,2,2,0,0,0,2,0,1,1,0,0,0,0,0,0,0,0,1,1,1,1,1,2,2,0,0,1,1,0,0,0,0,1,1,0,0,2,2,2,1,1,0,1,1,0,0,1,0,0,0,0,1
023_S_5241,0,0,0,0,0,0,1,1,1,0,0,0,0,0,1,2,0,0,0,0,1,0,0,0,1,1,2,2,0,1,1,1,1,1,2,2,0,0,1,1,2,0,1,0,1,0,0,0,0,1,1,1,1,0
024_S_0985,0,0,0,0,1,1,1,1,0,1,0,0,0,0,1,1,0,0,0,0,0,0,0,0,0,0,1,1,0,1,0,0,0,0,1,1,0,0,0,0,0,0,0,0,1,0,1,1,1,0,0,0,0,1
024_S_2239,0,0,0,0,1,1,0,0,0,0,1,2,2,2,2,1,0,0,0,0,2,1,1,1,0,0,0,0,1,0,2,2,2,0,0,0,0,0,0,0,0,0,2,0,2,0,1,1,0,0,0,0,0,1
024_S_4158,0,1,1,1,0,0,0,1,1,1,0,1,1,1,0,0,0,0,0,1,2,1,0,0,1,1,0,0,2,0,0,0,0,1,1,1,0,0,2,2,2,1,1,0,1,0,0,0,0,1,0,1,0,0
024_S_4223,1,1,1,1,0,0,0,0,0,1,0,0,0,0,0,0,0,0,0,0,1,1,2,2,0,0,2,2,1,0,1,1,2,1,1,1,0,0,0,0,0,1,1,2,0,1,0,0,0,1,0,0,0,0
024_S_4280,0,1,1,1,1,1,0,1,0,1,0,0,0,0,1,0,1,1,1,0,1,1,1,1,0,0,1,1,2,0,1,1,1,1,1,1,1,1,2,2,2,1,1,0,0,0,0,0,1,0,0,0,0,1
024_S_4392,0,0,0,0,0,0,0,1,0,0,1,1,1,1,1,1,0,0,0,0,1,0,2,2,1,1,1,1,1,1,1,1,1,1,1,1,0,0,1,1,2,0,0,0,1,0,0,0,0,0,0,0,0,0
024_S_4674,1,1,1,1,1,1,1,0,0,0,1,0,0,0,1,1,0,0,0,1,1,2,1,1,2,2,1,1,1,0,1,1,1,1,1,1,1,1,0,0,0,2,1,2,1,0,0,0,0,0,0,0,0,1
024_S_5290,1,1,1,1,0,0,1,0,0,1,0,0,0,0,2,2,1,1,1,0,0,0,2,2,1,1,0,0,0,1,0,0,0,0,0,0,0,0,0,0,0,1,1,0,0,0,0,0,1,0,0,0,0,1
027_S_0120,0,0,0,0,1,1,0,1,1,1,0,0,0,0,1,1,0,0,0,0,1,0,1,1,2,2,1,1,1,0,2,2,2,1,1,1,1,1,0,0,0,1,0,0,1,1,0,0,1,0,0,0,0,1
027_S_0307,0,0,0,0,1,1,1,1,0,2,0,1,1,1,1,0,0,0,0,0,1,1,0,0,1,1,0,1,1,1,0,0,0,1,1,1,0,0,2,2,2,1,0,0,1,1,0,0,0,0,0,0,0,0
027_S_0408,2,0,0,0,1,1,1,1,2,0,1,0,0,0,0,0,1,1,1,1,1,1,2,2,1,1,1,1,0,1,0,0,0,1,1,1,0,0,0,0,0,1,1,0,1,0,0,0,0,1,0,0,0,0
027_S_0644,1,0,0,0,2,2,1,1,1,1,1,1,1,1,1,1,1,1,1,0,0,1,1,1,2,2,0,0,1,1,1,1,1,1,1,1,1,1,0,0,1,0,0,1,0,2,0,0,0,1,0,0,0,0
027_S_0835,0,0,0,0,0,0,0,2,0,0,0,0,0,0,0,0,1,1,1,1,2,1,0,0,0,1,1,1,0,2,1,1,1,0,1,1,0,0,0,0,0,1,1,0,0,0,1,1,0,1,0,0,0,1
027_S_2219,0,0,0,0,1,1,1,2,1,0,1,0,0,0,0,0,0,0,0,1,1,0,1,1,2,2,0,0,1,0,0,0,0,0,0,0,0,0,0,0,1,2,1,0,1,0,0,0,0,2,0,0,0,0
027_S_2245,0,0,0,0,0,0,1,0,0,1,0,2,2,2,1,0,1,1,1,0,0,0,0,0,1,1,2,2,0,0,0,0,0,0,0,0,0,0,0,0,0,1,1,0,2,1,0,0,1,0,0,0,0,2
027_S_2336,1,1,1,1,1,1,1,1,2,1,0,0,1,0,1,1,0,0,0,0,1,1,2,2,0,0,0,0,0,0,0,0,0,0,0,0,0,0,0,0,1,1,0,2,1,0,0,0,1,0,0,0,0,1
027_S_4729,0,0,0,0,0,0,2,0,0,0,1,2,2,2,0,0,1,1,1,0,0,0,0,0,0,0,0,0,1,1,1,1,1,2,2,2,1,1,0,0,0,1,0,0,2,1,0,0,0,1,0,0,0,0
027_S_4757,0,0,0,0,1,1,0,0,1,1,0,1,1,1,1,1,2,2,2,1,1,0,1,1,2,2,0,0,2,0,1,1,1,1,2,2,1,1,2,2,2,1,0,1,1,0,0,0,0,2,0,0,0,2
027_S_4801,0,0,0,0,1,1,1,0,0,1,1,1,1,1,0,0,0,0,0,1,2,1,1,1,0,0,2,2,2,0,2,2,2,1,1,1,0,0,0,0,0,2,1,0,0,0,0,0,1,1,0,0,0,2
027_S_4802,1,1,1,1,1,1,1,0,1,1,0,0,0,0,0,0,0,0,0,0,0,0,0,0,0,0,2,2,0,2,0,0,0,1,2,2,0,0,1,1,1,0,1,0,1,1,0,0,1,0,0,0,0,1
027_S_4804,0,0,0,0,0,0,0,2,1,1,0,0,0,0,0,0,1,1,1,1,2,1,1,1,1,1,1,1,2,0,1,1,1,1,1,1,0,0,1,1,1,0,0,0,0,0,0,0,1,0,0,0,0,1
027_S_4869,0,0,0,0,0,0,0,2,1,0,0,1,1,1,0,0,0,0,0,0,2,1,2,2,1,1,1,1,1,1,1,1,1,0,0,0,0,0,0,0,0,0,0,0,0,0,1,1,0,0,0,0,1,0
027_S_4873,0,0,0,0,0,0,0,2,0,1,0,2,2,2,2,2,0,0,1,0,0,1,0,0,1,1,1,1,2,0,0,0,0,1,0,0,0,0,0,0,1,1,0,1,1,0,1,1,0,1,0,0,0,0
027_S_4919,0,0,0,0,1,0,0,0,1,0,1,0,0,0,0,0,1,1,1,0,0,0,0,0,0,0,1,2,2,0,2,2,2,2,2,2,0,0,0,0,0,0,0,0,1,0,0,0,0,1,0,0,0,0
027_S_4926,0,0,0,0,1,1,1,1,1,1,0,0,0,0,1,1,0,0,0,0,0,0,2,2,2,2,1,1,1,0,0,1,1,0,0,0,0,0,0,1,0,1,0,0,2,0,0,0,1,1,0,0,0,1
027_S_4955,1,1,1,1,0,0,0,2,1,0,1,0,0,0,0,0,1,1,1,1,2,0,0,0,2,2,1,1,1,1,1,1,1,1,1,1,0,0,0,0,0,0,1,0,1,1,0,0,0,1,0,0,0,1
027_S_4962,1,1,1,1,0,0,0,2,0,1,0,0,1,0,0,0,0,0,0,0,2,0,0,0,2,2,1,1,1,1,1,1,1,1,1,1,0,0,0,0,0,0,1,0,1,0,0,0,0,1,0,0,0,2
027_S_4964,1,0,0,0,0,0,0,1,0,0,0,1,1,1,1,1,0,1,1,1,1,1,1,1,0,0,0,0,1,0,1,1,1,0,1,1,0,0,1,1,1,0,0,1,2,1,0,0,0,1,0,0,0,0
027_S_4966,1,0,0,0,1,0,1,0,1,1,1,0,0,0,1,1,1,1,1,0,2,2,0,0,1,1,0,0,1,0,1,1,1,1,1,1,0,0,0,0,0,1,0,0,1,0,0,0,0,0,0,0,0,0
027_S_5079,0,0,0,0,0,0,0,1,0,2,1,0,0,0,0,0,0,0,0,0,1,0,1,1,1,1,1,1,0,1,1,0,0,0,1,1,1,1,0,0,1,1,0,1,0,1,1,1,0,1,0,0,0,0
027_S_5093,0,1,1,1,0,0,1,0,1,1,1,1,1,1,0,0,0,0,0,0,1,0,2,2,2,2,0,0,1,1,1,1,1,1,1,1,1,1,2,2,2,1,0,0,1,0,0,0,0,2,0,0,0,0
027_S_5170,0,0,0,0,0,0,0,2,1,0,2,1,1,1,1,1,1,1,1,0,0,1,1,1,1,1,1,1,0,1,0,0,0,1,1,1,0,0,1,1,1,0,1,0,2,1,0,0,0,1,1,1,1,0
029_S_1218,0,0,0,0,1,1,0,1,1,1,0,1,1,1,0,0,1,1,1,0,0,0,0,0,0,0,1,1,1,0,1,0,0,1,1,1,0,0,0,0,0,0,0,0,1,1,1,1,0,0,0,0,0,0
029_S_1318,0,0,0,0,0,0,0,0,1,1,1,1,1,1,1,1,1,1,0,1,2,1,2,2,1,1,0,0,1,1,0,0,0,0,0,0,0,0,0,0,0,1,0,0,1,0,0,0,0,1,0,0,0,0
029_S_2376,0,0,0,0,2,2,1,1,2,1,0,1,1,1,1,1,0,0,1,0,0,0,0,0,1,1,0,0,1,0,1,1,1,1,1,1,0,0,1,1,1,0,0,1,1,0,0,0,0,0,2,2,2,1
029_S_2395,0,1,1,1,2,2,0,2,0,0,0,0,1,0,1,1,0,0,0,0,0,0,2,2,1,1,0,0,0,1,0,0,0,0,1,1,0,0,0,0,1,2,1,0,0,2,0,0,0,0,0,0,0,1
029_S_4290,0,0,0,0,2,2,0,1,2,1,0,0,0,0,1,1,0,0,0,0,0,1,2,2,0,0,0,0,0,2,0,0,0,2,2,2,0,0,2,2,2,0,0,0,1,2,1,1,0,0,1,1,1,1
029_S_4327,1,0,0,0,1,1,0,2,0,0,1,0,0,0,1,2,0,0,0,0,2,0,0,0,0,0,0,0,1,0,0,0,0,0,0,0,0,0,1,1,1,1,1,0,2,0,0,0,0,1,0,0,0,2
029_S_5135,0,0,0,0,0,0,1,1,1,1,1,1,2,1,1,1,0,0,0,0,0,1,1,1,1,1,1,1,0,2,0,0,0,2,2,2,0,0,0,0,0,1,1,0,0,0,0,0,1,0,1,1,1,1
029_S_5158,0,1,1,1,1,1,0,1,1,0,1,1,1,1,0,0,0,0,0,1,1,0,1,1,0,0,1,1,0,0,1,0,0,2,2,2,0,0,1,1,1,0,0,0,1,0,0,0,0,0,0,0,0,0
029_S_5166,1,0,0,0,2,2,0,2,1,0,0,1,1,1,1,1,1,1,1,0,2,0,1,1,0,0,1,1,1,1,0,0,0,1,1,1,0,0,1,1,1,1,0,0,0,0,1,1,0,1,0,0,0,0
029_S_5219,1,0,0,0,0,0,0,2,0,0,0,1,1,1,1,1,1,1,1,0,0,0,1,1,0,0,2,2,0,1,0,0,0,0,0,0,0,0,1,1,1,2,2,0,0,0,0,0,0,1,1,1,1,1
031_S_0618,0,0,0,0,1,1,0,1,0,1,1,0,0,0,1,0,1,1,1,0,2,0,1,1,0,0,1,1,1,0,0,0,0,1,1,1,0,0,0,0,1,1,1,0,1,1,0,0,1,0,0,0,0,1
031_S_0830,0,0,0,0,0,0,0,0,0,1,0,0,0,0,0,0,1,1,1,0,1,1,1,1,0,0,1,1,1,0,1,1,1,0,1,1,0,0,0,0,0,1,0,1,0,0,2,2,0,0,1,1,1,1
031_S_0867,0,0,0,0,0,0,0,1,0,1,1,1,1,1,1,1,0,0,0,0,2,1,2,2,0,0,1,2,1,0,1,1,1,1,1,1,0,0,2,2,2,1,0,0,0,0,1,1,0,0,0,0,0,0
031_S_2018,0,0,0,0,0,0,0,1,1,1,0,0,0,0,1,1,0,0,0,0,2,0,1,1,1,1,2,2,1,0,0,0,0,0,0,0,0,0,1,1,2,1,0,0,1,0,1,1,0,0,0,0,0,0
031_S_2233,0,0,0,0,1,1,1,1,1,1,1,1,1,1,2,2,1,1,1,0,0,0,1,1,0,0,0,0,2,0,1,1,1,0,0,0,0,0,0,0,0,2,0,0,1,0,0,0,1,0,0,0,0,1
031_S_4005,0,0,0,0,2,1,1,0,1,1,1,0,1,0,0,0,0,0,0,0,1,2,1,1,0,0,0,0,1,1,0,0,0,1,1,1,0,0,1,1,1,0,0,2,0,0,0,0,0,1,0,0,0,1
031_S_4024,1,0,0,0,1,1,1,0,0,1,0,0,0,0,0,0,1,0,0,1,1,0,0,0,0,0,1,1,1,1,0,0,0,2,1,1,0,0,1,1,1,2,0,0,1,1,0,0,1,0,0,0,0,1
031_S_4032,0,0,0,0,0,0,0,1,0,0,0,1,1,1,0,0,1,1,2,0,1,0,1,1,1,1,1,1,2,0,0,0,0,1,1,1,0,0,1,1,1,1,1,0,0,1,1,1,0,1,0,0,0,0
031_S_4042,0,0,0,0,0,0,0,0,1,2,1,0,0,0,1,1,0,0,0,1,1,2,1,1,0,0,0,0,1,0,2,2,2,1,1,1,0,0,1,1,1,0,0,0,0,1,2,2,0,0,0,0,0,0
031_S_4203,1,0,0,0,1,1,1,1,0,0,0,1,1,1,1,1,1,1,2,0,1,0,1,1,1,1,0,0,2,0,0,1,1,1,1,1,0,0,1,1,1,1,1,1,1,1,1,1,0,0,0,0,0,1
031_S_4218,0,0,0,0,0,0,0,1,1,1,0,1,2,1,0,0,0,0,0,0,1,0,0,0,1,1,0,0,2,0,0,0,0,2,1,1,0,0,0,0,0,0,1,1,1,0,0,0,0,1,0,0,0,0
031_S_4496,1,0,0,0,1,1,1,1,0,0,0,1,1,1,1,1,1,1,1,0,0,1,1,1,1,1,1,1,2,0,1,1,1,0,1,1,0,0,0,0,0,1,0,1,0,0,0,0,0,0,2,2,2,1
031_S_4590,0,0,0,0,1,1,0,2,1,1,1,0,0,0,2,2,0,0,0,1,2,2,1,1,1,1,2,2,2,0,1,1,1,0,0,0,0,0,1,1,1,2,1,1,2,0,1,1,0,2,0,0,0,0
031_S_4721,1,0,0,0,1,1,0,2,0,0,0,0,0,0,1,1,0,0,0,0,1,2,0,0,0,0,1,1,0,1,2,2,2,1,1,1,0,0,1,1,1,1,1,0,1,0,0,0,0,0,0,0,0,0
032_S_0214,2,1,1,1,1,1,1,0,0,0,1,1,1,1,2,2,1,1,1,0,0,0,0,0,0,0,1,1,1,1,1,1,1,0,1,1,0,0,1,1,1,1,0,0,1,0,0,0,0,1,0,0,0,2
032_S_0479,0,1,1,1,2,2,0,1,1,1,1,0,1,0,0,0,0,0,0,0,0,0,1,1,1,1,0,0,2,0,1,1,1,1,1,1,0,0,1,1,1,0,0,0,0,0,0,0,0,0,2,2,2,0
032_S_2119,1,1,1,1,1,1,0,2,0,1,1,0,0,0,2,2,1,1,1,0,1,2,2,2,1,1,1,1,1,0,0,0,0,0,0,0,0,0,0,0,0,1,1,0,0,0,0,0,0,1,0,0,0,0
032_S_4386,0,1,1,1,0,0,0,1,1,0,1,1,1,1,1,1,0,0,0,0,1,0,1,1,0,0,2,2,2,0,0,0,0,1,1,1,0,0,1,1,1,0,1,1,0,1,0,0,0,1,1,1,1,0
032_S_4823,2,1,1,1,1,1,0,1,2,0,0,0,0,0,1,0,1,0,0,0,0,0,1,1,1,1,2,2,0,2,1,1,1,0,0,0,0,0,0,0,0,1,1,1,1,0,1,1,0,0,1,1,1,0
033_S_0906,1,0,0,0,1,1,0,0,1,0,2,1,1,1,0,0,1,1,1,1,1,2,1,1,2,2,0,0,2,0,1,1,1,0,0,0,0,0,0,0,0,0,1,0,1,0,0,0,0,0,0,0,0,1
033_S_0920,1,0,0,0,1,1,1,1,0,0,1,0,0,0,1,1,1,1,1,0,1,0,0,0,0,0,1,1,2,0,1,1,1,0,0,0,1,1,0,0,1,0,1,0,1,0,0,0,0,1,0,0,0,1
033_S_0923,0,0,0,0,2,2,0,0,0,1,0,1,1,1,0,0,0,0,0,1,1,1,0,0,0,0,1,1,1,1,0,0,0,1,1,1,0,0,1,1,1,1,1,0,1,0,0,0,0,0,0,0,0,0
033_S_1016,0,0,0,0,1,1,1,0,1,0,1,0,0,0,1,1,0,0,0,1,1,0,0,0,2,2,1,1,1,1,1,1,1,2,1,1,0,0,0,0,1,1,0,0,0,1,1,1,0,1,1,1,1,0
033_S_1098,0,0,0,0,2,2,1,1,1,1,1,0,1,0,0,1,1,1,1,0,1,0,0,0,0,0,0,0,1,0,1,1,1,0,0,0,0,0,0,0,0,1,0,1,1,1,1,1,0,2,0,0,0,1
033_S_4505,2,1,1,1,0,0,2,0,1,1,1,0,0,0,0,0,0,0,0,0,0,0,1,1,1,1,1,2,1,1,1,1,1,0,1,1,0,0,0,0,0,1,0,0,1,0,0,0,0,0,1,1,1,0
033_S_4508,0,0,0,0,2,2,0,1,0,1,1,0,1,0,0,0,1,1,1,0,0,1,0,0,2,2,0,0,1,1,1,1,1,1,1,1,0,0,0,0,0,1,0,2,0,0,0,0,0,1,0,0,0,0
033_S_5013,0,2,2,2,1,1,0,1,1,0,0,0,0,0,0,0,1,1,1,1,2,1,0,0,0,0,0,0,0,0,1,1,1,0,0,0,1,1,2,2,2,1,0,0,2,0,0,0,0,0,0,0,0,0
033_S_5017,0,0,0,0,0,0,0,2,2,1,1,1,1,1,1,1,0,0,0,1,2,1,1,1,2,2,2,2,0,1,1,1,1,1,1,1,0,0,1,1,1,1,0,0,1,0,0,0,0,0,0,0,0,1
033_S_5087,2,1,1,1,1,1,0,0,1,1,0,0,0,0,0,0,1,1,1,0,1,0,1,1,0,0,1,1,1,0,1,1,1,0,0,0,0,0,0,0,0,1,1,1,1,0,1,1,0,1,0,0,0,0
033_S_5198,0,0,0,0,1,1,0,1,0,1,0,0,0,0,1,1,0,0,0,0,0,1,2,2,0,0,0,0,1,0,1,1,1,1,1,1,0,0,0,0,0,0,0,0,0,0,1,1,1,1,0,0,0,1
033_S_5259,1,0,0,0,1,1,0,2,2,1,0,1,1,1,1,0,0,0,0,0,1,1,0,0,1,1,1,1,0,1,2,2,2,1,1,1,0,0,0,0,0,0,1,0,1,1,0,0,0,1,0,0,0,0
035_S_2061,0,0,0,0,2,2,0,1,0,1,1,1,2,1,1,1,1,1,1,1,2,2,0,0,0,0,1,1,2,0,0,0,0,0,1,1,0,0,0,0,0,1,1,2,0,1,0,0,0,0,0,0,0,0
035_S_2074,2,0,0,0,1,1,0,1,0,2,0,0,0,0,0,0,1,1,1,0,1,1,0,0,1,1,1,1,0,1,0,1,1,0,1,1,0,0,0,0,1,0,1,0,0,0,1,1,1,1,0,0,0,1
035_S_4256,1,0,0,0,1,1,0,2,0,0,1,1,2,1,0,0,1,1,1,1,1,1,0,0,0,0,1,1,0,2,0,0,0,1,1,1,0,0,0,0,0,1,0,0,0,0,1,1,0,1,1,1,0,1
035_S_4464,1,0,0,0,0,0,2,0,0,2,0,0,0,0,1,0,1,0,0,2,2,0,0,0,0,1,0,0,0,1,1,1,1,0,0,0,0,0,1,1,1,1,1,0,2,1,0,0,0,1,0,0,0,1
035_S_4785,0,1,1,1,1,1,1,2,0,1,0,1,1,1,1,1,1,1,1,1,1,1,1,1,0,0,2,2,0,1,0,0,0,1,2,2,1,1,0,0,0,0,0,0,0,0,0,0,0,0,0,0,0,0
036_S_4430,0,1,0,0,1,1,0,2,2,2,0,0,0,0,2,2,0,0,0,2,2,2,1,1,1,1,1,1,0,1,0,0,0,0,0,0,0,0,0,0,0,0,1,1,0,1,0,0,0,1,0,0,0,0
036_S_4491,2,0,0,0,2,2,0,2,0,1,0,2,2,2,1,1,1,1,1,1,2,2,1,1,1,1,1,1,0,1,1,1,1,1,1,1,0,0,0,0,1,0,1,1,0,0,1,1,0,1,0,0,0,0
036_S_4538,0,1,1,1,1,1,0,0,0,1,1,1,1,1,0,0,1,1,1,0,0,1,2,2,1,0,1,1,0,1,1,1,1,0,0,0,0,0,1,1,2,1,0,0,1,0,0,0,0,2,0,0,0,1
036_S_4562,0,1,1,1,0,0,0,2,2,0,1,0,0,0,1,0,0,0,0,0,1,1,1,1,0,0,1,1,0,1,1,1,1,1,1,1,0,0,2,2,2,0,1,0,2,0,1,1,1,0,0,0,0,2
036_S_4714,1,1,1,1,1,1,0,2,2,1,0,0,0,0,2,2,0,0,0,0,1,0,1,1,1,1,1,1,1,0,1,1,1,1,1,1,0,0,2,2,2,1,1,0,1,0,0,0,1,0,0,0,0,2
036_S_4736,0,0,0,0,1,1,1,1,0,2,2,0,1,0,2,2,0,0,0,0,1,0,1,1,1,1,1,1,0,1,0,0,0,0,0,0,0,0,0,0,0,0,1,0,1,0,0,0,0,0,1,1,1,2
036_S_5112,0,2,2,2,0,0,0,2,1,0,1,0,0,0,1,1,1,1,1,0,1,0,2,2,0,0,1,1,0,1,1,1,1,0,0,0,0,0,0,0,0,0,1,0,1,0,2,2,0,0,0,0,0,1
036_S_5210,1,0,0,0,1,1,0,0,1,0,1,0,0,0,0,0,1,1,1,1,2,2,0,0,0,0,0,0,1,1,2,1,1,1,1,1,0,0,2,2,2,1,1,2,1,0,0,0,0,0,0,0,0,1
037_S_0150,1,1,1,1,1,1,0,2,1,1,0,0,0,0,0,0,0,0,0,0,0,1,1,1,1,1,1,1,1,1,0,0,0,0,0,0,0,0,0,0,0,2,1,1,2,1,1,1,0,0,0,0,0,0
037_S_0552,0,0,0,0,1,1,0,2,2,0,0,1,1,1,0,0,0,0,0,0,2,1,0,0,1,1,2,2,0,0,1,1,1,0,0,0,1,1,0,0,1,2,0,1,1,0,0,0,1,0,0,0,0,1
037_S_4015,0,0,0,0,1,1,1,0,0,1,1,0,0,0,1,1,0,0,0,0,0,0,1,1,1,1,1,1,0,1,0,0,0,0,0,0,0,0,0,0,1,0,1,1,0,0,0,0,0,0,0,0,0,1
037_S_4028,1,1,1,1,0,0,1,0,1,1,2,1,1,1,1,1,1,1,1,2,2,2,1,1,0,0,1,1,1,0,0,0,0,1,2,2,0,0,0,0,0,2,1,0,2,0,0,0,0,1,0,0,0,0
037_S_4030,1,1,1,1,0,0,0,0,1,1,1,0,0,0,0,0,1,1,1,0,0,0,0,0,0,0,0,0,1,1,1,1,2,0,0,0,1,1,0,0,0,0,0,1,1,0,1,1,0,0,0,0,0,1
037_S_4146,0,1,1,1,2,2,2,0,1,1,1,0,0,0,1,1,0,0,0,1,2,2,0,0,0,0,1,1,1,1,1,1,1,0,0,0,0,0,0,0,0,1,1,0,0,1,0,0,1,0,0,0,0,2
037_S_4302,0,0,0,0,1,1,0,1,0,1,1,1,2,1,1,1,1,0,0,0,1,1,1,1,1,1,1,1,1,1,1,1,1,0,0,0,0,0,0,0,0,0,1,0,1,1,0,0,0,0,0,0,0,0
037_S_4308,0,1,1,1,0,0,2,1,0,0,0,0,1,0,1,1,1,1,1,1,1,1,1,1,0,0,0,0,1,1,2,2,2,0,0,0,0,0,0,0,0,0,0,0,1,2,2,2,0,1,0,0,0,0
037_S_4410,0,0,0,0,1,1,0,2,1,2,1,1,1,1,0,0,0,0,0,0,0,1,0,0,1,1,0,0,0,1,0,0,0,0,0,0,0,0,1,1,1,1,0,1,1,0,0,0,0,0,0,0,0,0
037_S_4750,1,0,0,0,2,2,0,2,0,0,1,1,1,1,1,1,1,1,1,1,2,1,1,1,0,0,0,0,1,1,1,1,1,1,1,1,0,0,1,1,1,1,0,0,0,1,0,0,0,0,0,0,0,0
037_S_4770,0,0,0,0,1,1,1,0,0,0,0,0,0,0,1,2,0,0,0,0,1,1,0,0,0,0,1,1,0,1,0,0,0,1,1,1,1,1,1,1,1,0,1,1,1,1,1,1,0,1,0,0,0,1
037_S_4879,1,0,0,0,1,1,2,0,1,1,0,0,1,0,1,1,0,0,0,0,1,0,1,1,1,1,1,1,2,0,0,0,0,1,1,1,0,0,1,1,1,1,1,1,1,0,0,0,1,0,0,0,0,2
037_S_5126,0,0,0,0,1,1,0,1,0,1,1,1,1,1,0,0,0,0,1,1,2,1,1,1,0,0,1,1,1,1,2,2,2,1,1,1,0,0,1,1,2,1,0,0,2,0,0,0,0,0,0,0,0,0
037_S_5222,1,1,1,1,0,0,0,2,1,1,0,1,1,1,1,1,2,2,2,0,1,0,2,2,1,1,2,2,1,0,0,0,0,2,2,2,0,0,0,0,1,1,0,1,1,1,1,1,0,0,0,0,0,0
041_S_0679,0,0,0,0,1,1,1,1,0,2,0,1,1,1,1,1,1,1,1,0,0,0,2,2,1,1,1,1,0,2,0,0,0,2,2,2,0,0,1,1,1,2,0,0,1,2,0,0,0,1,0,0,0,0
041_S_1418,0,0,0,0,0,0,0,1,1,1,0,1,1,1,1,2,2,2,2,0,1,1,0,0,2,2,1,1,0,1,1,1,1,1,2,2,1,1,0,0,0,1,1,0,1,1,0,0,0,2,0,0,0,0
041_S_1425,0,1,1,1,1,1,0,1,1,0,1,0,0,0,1,1,0,0,0,1,1,1,1,1,1,1,0,0,0,1,2,2,2,1,1,1,0,0,0,0,1,1,1,0,1,0,0,0,0,1,0,0,0,0
041_S_4004,0,1,1,1,1,1,0,1,1,1,1,1,1,1,1,1,2,2,2,1,1,1,1,1,0,0,0,0,2,0,1,0,0,0,0,0,0,0,1,1,1,0,1,0,1,1,1,1,0,0,1,1,0,0
041_S_4014,0,0,0,0,1,1,0,2,0,1,1,1,1,1,1,1,0,0,1,0,2,1,1,1,2,2,0,0,0,1,1,1,1,1,1,1,0,0,2,2,2,0,0,0,1,2,0,0,0,1,1,1,1,0
041_S_4041,0,0,0,0,2,2,0,1,0,2,0,0,0,0,1,1,2,2,2,0,2,0,2,2,1,1,2,2,2,1,1,1,1,1,1,1,0,0,1,1,1,1,1,1,1,1,0,0,0,1,0,0,0,0
041_S_4051,0,0,1,0,1,1,0,1,0,1,1,1,1,1,1,1,1,1,1,0,0,0,1,1,2,2,0,0,1,0,0,0,0,2,2,2,0,0,0,0,1,1,1,0,1,0,0,0,0,0,0,0,0,0
041_S_4060,2,1,1,1,0,0,2,0,0,1,0,0,1,0,1,0,2,2,2,0,1,0,2,2,1,1,1,1,1,1,0,0,0,1,1,1,0,0,1,1,1,0,0,0,2,0,0,0,0,1,0,0,0,0
041_S_4138,2,0,0,0,1,1,0,1,1,0,0,1,1,1,1,1,0,0,0,0,0,0,0,0,0,0,0,0,1,1,1,1,1,0,0,0,0,0,0,0,1,1,1,0,1,1,0,0,0,0,0,0,0,0
041_S_4143,0,1,1,1,1,1,1,0,1,0,0,0,0,0,0,0,1,1,2,0,1,1,2,2,2,1,1,1,1,2,0,1,1,0,0,0,0,0,0,0,0,1,0,0,2,0,1,1,0,2,0,0,0,0
041_S_4200,0,0,0,0,1,1,1,0,1,1,0,1,1,1,1,1,0,0,0,0,0,1,1,1,2,2,1,1,1,1,2,2,2,2,2,2,0,0,0,0,0,0,1,0,1,0,0,0,0,0,0,0,0,0
041_S_4271,0,0,0,0,1,1,1,1,1,1,1,1,1,1,0,0,1,1,1,0,0,0,2,2,1,1,1,1,1,0,0,0,0,0,0,0,0,0,0,0,0,2,0,1,2,0,0,0,0,1,0,0,0,0
041_S_4510,2,2,2,2,1,1,0,1,1,1,0,1,2,1,2,1,0,0,0,0,1,0,0,0,0,0,1,1,0,1,1,1,1,0,0,0,0,0,0,0,1,1,0,0,2,0,0,0,0,0,0,0,0,1
041_S_4513,1,0,0,0,0,0,0,1,0,0,0,0,0,0,0,0,0,0,0,0,2,0,1,1,1,1,2,2,2,0,1,1,1,1,1,1,0,0,0,0,0,2,0,0,0,2,0,0,0,1,0,0,0,1
041_S_4720,1,0,0,0,2,2,0,1,1,1,2,1,1,1,0,0,0,0,0,0,0,0,0,0,1,1,1,1,2,0,1,1,1,0,0,0,0,0,1,1,1,1,0,0,2,1,0,0,2,1,1,1,1,2
041_S_4874,1,0,0,0,1,1,0,0,2,1,1,1,1,1,0,0,2,2,2,0,1,0,0,0,1,1,1,1,2,0,2,2,2,0,0,0,0,0,0,0,0,0,1,0,2,0,0,0,0,0,0,0,0,1
041_S_4876,0,0,0,0,0,0,0,1,1,0,1,0,1,0,0,0,1,1,1,1,2,2,0,0,1,1,1,1,0,1,0,0,0,0,0,0,0,0,0,0,0,1,1,0,2,0,0,0,1,2,0,0,0,1
041_S_5026,1,0,0,0,1,1,0,1,0,0,2,0,1,0,1,1,0,0,0,0,1,0,0,0,0,0,1,1,1,1,1,1,2,1,1,1,0,0,1,1,1,1,1,0,0,0,0,0,0,1,0,0,0,1
041_S_5078,0,1,2,1,1,1,0,2,1,1,2,1,1,1,0,0,0,0,0,0,0,0,0,0,1,1,1,1,1,0,1,1,1,1,1,1,0,0,1,1,2,1,1,0,1,0,0,0,0,1,0,0,0,0
041_S_5204,0,1,1,1,0,0,0,0,0,0,0,2,2,2,0,0,1,1,1,0,1,1,0,0,0,0,0,0,2,0,0,0,0,0,0,0,1,1,1,1,1,1,0,1,1,1,1,1,0,1,0,0,0,0
051_S_4980,0,0,0,0,1,1,0,0,1,1,2,1,1,1,2,2,1,1,1,0,1,0,0,0,0,0,2,2,1,1,1,1,1,2,2,2,0,0,1,1,1,1,1,0,0,0,0,0,0,0,1,1,1,1
052_S_0671,0,0,0,0,2,2,0,0,1,0,0,0,0,0,0,0,0,0,0,0,0,1,1,1,2,2,0,0,0,2,2,2,2,0,0,0,0,0,1,1,1,1,1,0,0,1,0,0,0,0,1,1,1,1
052_S_1352,0,1,1,1,2,2,1,0,0,1,0,1,1,1,0,0,1,1,1,0,0,0,0,0,2,2,1,2,1,0,0,0,0,1,1,1,0,0,1,1,1,1,0,0,2,2,0,0,0,1,0,0,0,0
052_S_4626,1,1,1,1,1,1,1,0,1,0,2,1,1,1,0,0,1,1,1,0,1,1,2,2,0,0,1,1,2,0,2,2,2,0,0,0,0,0,0,0,0,2,1,0,1,0,0,0,0,1,0,0,0,0
052_S_4885,0,0,0,0,2,2,0,1,1,2,0,1,1,1,1,1,1,1,1,0,0,1,0,0,1,1,0,0,1,1,0,0,0,2,2,2,0,0,0,0,0,0,0,0,0,1,0,0,1,2,2,2,2,1
052_S_4959,0,1,1,1,1,1,0,0,2,2,0,2,2,2,1,1,1,1,1,0,1,0,0,0,0,0,0,0,1,1,0,0,0,0,1,1,0,0,1,1,1,0,1,0,2,0,0,0,0,2,0,0,0,1
052_S_5062,0,0,0,0,1,1,0,1,1,1,0,1,2,1,1,1,0,0,0,1,1,1,1,1,1,1,2,2,0,1,0,0,0,0,1,1,0,0,0,0,0,0,1,0,2,0,1,1,0,1,0,0,0,1
053_S_0919,0,2,2,2,0,0,1,1,2,1,0,1,1,1,0,0,0,0,0,1,2,2,0,0,1,1,1,1,1,0,1,1,1,0,0,0,0,0,0,0,1,0,2,0,1,0,1,1,0,1,0,1,1,1
053_S_4557,0,0,0,0,1,1,0,0,0,0,0,2,2,2,1,1,0,0,0,0,0,1,0,0,2,2,1,1,1,1,0,0,0,2,1,1,1,1,0,0,0,2,0,1,1,0,0,0,0,1,1,1,1,0
053_S_4661,0,0,0,0,1,1,0,1,0,1,1,0,0,0,0,0,0,0,0,0,1,1,1,1,0,0,2,2,0,2,0,0,0,0,1,1,0,0,0,0,0,1,1,1,1,0,1,1,1,0,0,0,0,1
053_S_4813,0,0,0,0,0,0,0,1,0,1,0,1,1,1,1,1,1,1,1,1,1,1,0,0,0,0,0,0,0,1,2,2,2,1,1,1,1,1,0,0,0,0,0,0,2,0,0,0,0,1,2,2,1,0
053_S_5070,0,0,0,0,2,2,0,2,0,0,0,1,1,1,1,1,1,1,1,0,1,2,0,0,0,0,1,1,1,0,1,1,1,0,0,0,1,1,2,2,2,0,0,0,1,2,0,0,0,1,0,1,0,0
053_S_5202,0,2,2,2,0,0,0,1,0,1,0,0,0,0,0,0,0,0,0,0,0,1,1,1,1,1,2,2,1,0,2,2,2,0,0,0,0,0,1,1,1,1,0,0,1,0,0,0,0,0,0,0,0,1
053_S_5208,0,0,0,0,1,1,1,1,0,2,1,0,0,0,2,1,0,0,0,0,1,1,1,1,2,2,0,0,1,1,2,2,2,1,1,1,0,0,0,0,1,0,0,0,1,0,2,2,0,0,0,0,0,0
053_S_5287,0,1,1,1,1,0,0,1,1,1,0,0,1,0,0,1,0,0,0,0,1,2,1,1,0,0,1,1,1,1,0,0,0,2,1,1,1,1,0,0,0,0,0,0,1,1,0,0,0,0,0,0,0,0
057_S_0934,0,0,0,0,1,1,1,1,0,0,1,0,0,0,0,0,0,0,0,0,1,1,0,0,1,1,1,1,1,0,1,1,1,1,1,1,0,0,0,0,0,2,1,0,1,0,1,1,0,0,0,0,0,0
057_S_1007,0,0,0,0,1,1,0,2,0,0,2,1,1,1,0,0,0,0,0,1,2,1,1,1,0,0,2,2,0,1,0,0,0,0,0,0,0,0,0,0,0,1,1,0,2,0,1,1,0,1,0,0,0,0
057_S_1269,1,0,0,0,0,0,0,0,1,0,0,1,1,1,1,0,1,1,1,1,1,1,0,0,1,1,1,1,0,1,0,0,0,0,0,0,0,0,1,1,2,1,0,1,0,0,1,1,0,1,0,0,0,0
057_S_2398,0,2,2,2,1,1,0,1,1,1,0,1,1,1,1,0,1,1,1,1,2,1,2,2,0,0,0,0,2,0,1,1,1,0,0,0,0,0,1,1,1,1,2,1,2,1,0,0,0,1,0,0,0,2
057_S_4897,0,0,0,0,1,1,0,1,1,0,0,0,0,0,0,0,0,0,0,2,2,2,1,0,1,1,1,1,1,1,0,0,0,0,0,0,1,1,0,0,0,0,0,0,2,0,0,0,0,0,1,1,1,0
057_S_4909,0,1,1,1,1,0,0,1,0,0,0,0,0,0,1,1,1,1,1,1,1,2,0,0,0,0,2,2,1,1,1,1,1,1,1,1,0,1,1,1,1,0,0,0,1,0,0,0,1,0,0,0,0,1
057_S_5295,0,1,1,1,1,1,0,2,1,1,0,0,0,0,1,1,2,2,2,1,1,1,1,1,1,1,0,0,1,0,1,1,1,2,2,2,0,0,1,1,1,0,1,0,0,0,0,0,0,0,0,0,0,1
067_S_2195,0,2,2,2,0,0,0,0,0,1,1,1,2,1,2,2,1,1,1,0,1,1,1,1,0,0,1,1,1,1,1,0,0,1,1,1,0,0,0,0,0,0,1,0,0,0,1,1,1,2,0,0,0,2
067_S_2196,0,0,0,0,2,1,1,1,0,2,0,0,0,0,2,2,0,0,0,1,1,1,1,1,0,0,0,1,1,0,1,1,1,0,0,0,0,0,0,0,0,1,2,0,0,1,2,2,1,1,0,0,0,1
067_S_4054,1,1,1,1,0,0,0,1,0,2,0,1,1,1,0,0,2,1,1,0,0,1,2,2,1,1,1,1,0,0,1,0,0,1,2,2,0,0,0,0,0,2,1,0,1,0,0,0,0,0,0,0,0,0
067_S_4072,0,1,1,1,1,1,1,1,0,1,1,0,0,0,1,1,0,0,0,1,1,1,0,0,1,1,1,1,0,1,1,1,1,1,1,1,0,0,1,1,1,1,0,0,0,2,1,1,0,0,0,0,0,0
067_S_4184,0,0,0,0,1,1,2,0,0,1,0,0,0,0,1,1,1,1,1,1,1,1,1,1,0,0,0,0,1,1,0,0,0,2,2,2,0,0,0,0,0,1,0,0,2,1,1,1,0,1,0,0,0,0
067_S_4212,1,0,0,0,1,1,1,1,0,1,0,1,1,1,2,2,0,1,1,0,1,1,1,1,1,1,2,2,0,2,0,0,0,0,0,0,0,0,1,1,2,2,2,0,0,0,0,0,0,1,0,0,0,0
067_S_4310,0,1,1,1,2,2,0,0,0,0,1,1,1,1,0,0,0,0,1,0,1,0,1,1,0,0,1,1,1,1,1,1,1,0,1,1,0,0,0,0,0,0,1,0,2,0,0,0,0,0,0,0,0,1
067_S_4728,0,0,0,0,2,2,0,1,2,0,0,0,0,0,1,1,1,1,1,0,1,1,0,0,0,0,1,1,1,1,0,0,0,0,0,0,0,0,0,0,0,0,0,1,0,0,1,1,0,2,0,0,0,1
067_S_4767,2,0,0,0,1,1,2,0,0,1,0,0,0,0,0,0,1,1,1,0,0,1,0,0,0,0,2,2,1,0,0,0,1,0,1,1,0,0,0,0,0,1,0,0,2,0,0,0,0,0,0,0,0,1
067_S_5159,0,1,1,1,0,0,0,1,1,0,0,1,1,1,0,0,2,2,2,0,1,1,2,2,0,0,0,0,1,1,0,0,0,1,1,1,1,1,1,1,1,0,0,0,1,0,1,1,0,0,0,0,0,1
067_S_5160,1,0,0,0,1,1,0,0,2,0,1,1,1,1,1,1,1,1,1,0,0,2,1,1,1,1,1,1,1,0,0,0,0,0,0,0,0,0,0,0,1,1,0,0,0,0,0,0,0,1,0,0,0,0
067_S_5212,0,0,0,0,0,0,1,0,0,0,1,1,1,1,0,0,1,1,1,1,2,2,0,0,0,0,2,2,0,1,1,1,1,0,0,0,0,0,1,1,1,1,1,0,2,1,0,0,0,1,1,1,1,0
068_S_0127,1,0,0,0,0,0,0,1,0,1,0,0,0,0,1,1,0,0,0,2,2,2,0,0,0,0,1,1,1,1,2,2,2,0,0,0,0,0,0,0,0,1,1,0,1,1,0,0,0,0,1,1,1,0
068_S_2168,1,1,1,1,1,1,0,1,1,1,0,1,1,1,0,0,1,1,1,0,1,0,1,1,0,0,0,0,0,1,0,0,0,0,1,1,0,0,1,1,1,1,1,0,1,0,0,0,0,0,0,0,0,0
068_S_2187,0,0,0,0,0,0,1,1,0,0,0,1,1,1,0,0,2,2,2,0,1,0,1,1,0,0,1,1,1,0,1,1,1,0,1,1,0,0,0,0,0,0,0,0,0,0,0,0,1,0,0,0,0,1
068_S_2193,0,0,0,0,0,0,1,0,2,0,1,0,0,0,0,0,2,2,2,1,1,1,1,1,1,1,2,2,0,2,1,1,1,0,2,2,1,1,1,1,1,2,1,0,1,1,2,2,0,0,1,1,1,0
068_S_2248,0,0,0,0,2,2,0,0,1,0,1,0,0,0,0,0,0,0,0,0,2,0,2,2,1,1,1,1,0,0,2,2,2,0,0,0,0,0,1,1,1,0,0,1,2,1,0,0,0,0,0,0,0,1
068_S_2315,0,1,0,0,0,0,0,1,0,1,1,0,0,0,1,1,0,0,0,0,1,0,2,2,1,1,1,1,2,0,0,0,0,2,2,2,0,0,1,1,1,2,1,0,0,1,0,0,0,0,0,0,0,0
068_S_2316,1,0,0,0,1,1,0,1,0,2,0,1,1,1,1,1,1,1,1,0,2,1,0,0,2,2,1,1,1,1,1,0,0,1,0,0,0,0,1,1,1,1,0,0,2,0,1,1,0,1,0,0,0,1
068_S_4061,1,1,1,1,0,0,1,0,1,0,1,0,0,0,1,1,1,1,1,0,2,2,1,1,1,1,1,1,1,0,1,1,1,1,2,2,0,0,0,0,1,0,1,1,0,0,1,1,0,2,0,0,0,1
068_S_4067,1,0,0,0,1,0,0,2,1,1,0,0,0,0,0,0,2,2,2,1,1,0,1,1,1,1,2,2,1,1,2,1,1,1,1,1,0,0,0,0,0,0,1,0,1,1,0,0,0,1,0,0,0,0
068_S_4134,0,0,0,0,1,1,1,1,0,1,1,1,1,1,1,1,0,0,0,0,1,1,1,1,1,1,1,1,2,0,1,1,1,2,2,2,1,1,1,1,1,0,0,1,1,0,1,1,0,2,0,0,0,1
068_S_4174,1,1,1,1,2,2,0,1,1,0,1,0,1,0,1,1,1,1,1,1,2,2,1,1,1,1,1,1,0,1,2,2,2,0,0,0,0,0,1,1,1,1,1,1,1,0,0,0,0,1,0,0,0,1
068_S_4217,0,0,0,0,1,1,2,0,0,1,0,1,1,1,1,1,0,0,0,1,1,1,2,2,1,1,0,0,0,0,1,1,1,1,1,1,0,0,0,0,0,0,0,0,1,0,0,0,0,0,0,0,0,0
068_S_4274,0,0,0,0,1,1,2,0,1,0,0,0,0,0,1,0,1,1,2,0,1,0,2,2,1,1,1,1,0,2,2,1,1,1,1,1,0,0,0,0,0,0,1,1,1,1,1,1,1,0,0,0,0,1
068_S_4340,1,1,1,1,1,1,0,0,1,1,1,0,0,0,1,1,0,0,0,1,2,1,0,0,0,0,0,0,1,0,2,2,2,0,0,0,0,0,0,0,1,0,0,0,2,0,0,0,0,0,0,0,0,0
068_S_4424,0,0,0,0,1,1,1,1,0,2,1,0,0,0,0,0,2,1,1,0,0,2,1,1,1,1,0,1,0,2,0,0,0,2,2,2,0,0,0,0,0,1,1,0,0,0,1,1,0,1,0,0,0,1
068_S_4431,0,0,0,0,0,0,0,0,1,1,0,1,1,1,1,1,0,0,0,0,0,0,1,1,2,2,1,1,0,1,1,1,1,1,0,0,0,0,0,0,1,0,1,0,1,1,0,0,0,0,0,0,0,0
070_S_4692,1,0,0,0,1,1,0,2,1,0,1,0,0,0,0,0,0,0,0,0,0,0,1,1,1,1,2,2,0,1,1,1,1,0,0,0,1,1,0,0,0,1,1,0,2,0,0,0,0,1,0,0,0,2
070_S_4719,1,0,0,0,2,2,1,1,0,0,1,1,2,1,0,0,0,0,0,0,0,0,0,0,2,2,1,1,1,1,2,1,1,1,1,1,0,0,0,0,1,0,0,0,1,0,0,0,1,0,1,1,1,1
070_S_4793,0,0,0,0,0,0,2,0,1,0,1,0,1,1,1,1,0,0,0,1,1,0,1,1,1,1,0,0,1,0,1,1,1,1,0,0,0,0,0,0,0,1,1,2,1,0,0,0,0,0,1,1,0,0
072_S_2027,2,1,1,1,0,0,1,1,1,1,0,1,1,1,0,0,0,0,0,0,0,0,0,0,0,0,1,1,2,0,2,2,2,1,1,1,0,0,1,1,2,1,1,0,0,0,0,0,0,1,0,0,0,0
072_S_2037,2,1,1,1,2,2,0,1,1,1,2,1,1,1,1,1,1,1,1,1,1,1,0,0,1,1,1,1,0,2,1,1,1,0,1,1,0,0,2,2,2,0,1,0,0,0,1,1,0,0,1,1,1,1
072_S_2072,0,0,0,0,0,0,0,1,0,0,1,2,2,2,0,0,1,1,1,1,2,1,1,1,2,2,2,2,0,0,1,1,1,1,1,1,0,0,0,0,0,2,1,0,2,0,0,0,0,0,0,0,0,0
072_S_2083,0,0,0,0,0,0,1,0,1,1,2,2,2,2,0,0,1,1,1,0,1,0,2,2,1,1,2,2,1,1,0,0,0,0,0,0,0,0,0,0,0,1,1,2,1,0,0,0,0,1,1,1,1,0
072_S_2093,0,2,2,2,1,1,0,2,0,0,1,1,2,1,0,0,0,0,0,0,1,1,1,1,1,1,0,0,0,1,1,1,1,0,0,0,0,0,0,0,1,2,1,1,1,0,1,1,1,2,0,0,0,1
072_S_2116,0,0,0,0,1,1,1,1,1,1,1,1,2,1,1,1,0,0,0,0,0,0,0,0,0,0,0,0,0,2,0,0,0,0,0,0,0,0,2,2,2,0,0,0,2,0,1,1,0,1,0,0,0,0
072_S_2164,0,0,0,0,0,0,0,1,1,1,1,0,0,0,1,1,0,0,0,0,0,0,0,0,0,0,0,0,2,0,1,0,0,1,1,1,0,0,0,0,0,0,0,1,1,0,2,2,0,1,0,0,0,0
072_S_4007,0,0,0,0,1,1,0,0,0,0,0,0,0,0,1,1,0,0,0,0,0,1,0,0,1,1,1,1,0,1,1,1,1,0,0,0,0,0,1,1,1,1,0,0,1,0,0,0,0,1,1,1,1,1
072_S_4057,0,0,0,0,1,1,1,1,1,1,1,0,0,0,1,1,1,1,1,1,1,2,1,1,0,0,1,1,2,0,0,0,0,2,2,2,0,0,0,0,0,1,1,0,1,0,1,1,0,0,0,0,0,1
072_S_4063,1,1,1,1,1,1,1,0,0,0,0,1,1,1,2,2,0,0,0,0,1,1,0,0,0,0,2,2,1,0,0,0,0,1,1,1,0,0,1,1,1,0,0,1,1,1,0,0,0,1,0,0,0,0
072_S_4102,1,1,1,1,1,1,1,0,0,1,0,0,0,0,1,1,1,1,1,1,1,1,0,0,0,0,0,0,0,1,1,1,1,1,1,1,0,0,0,0,0,0,1,1,0,0,0,0,0,1,0,0,0,0
072_S_4103,2,1,1,1,1,1,1,1,2,0,0,1,1,1,1,1,1,1,1,0,1,2,0,0,0,0,1,1,1,1,0,0,1,0,0,0,0,0,0,0,0,0,1,0,0,1,0,0,0,1,1,1,1,0
072_S_4206,0,0,0,0,0,0,0,1,1,1,1,1,1,1,1,1,0,0,0,0,1,0,1,1,0,0,0,0,1,0,0,0,1,1,1,1,0,0,1,1,1,0,0,1,1,0,1,1,0,1,0,0,0,0
072_S_4383,1,1,1,1,1,1,1,0,0,2,0,0,0,0,0,0,1,1,1,0,1,1,2,2,0,0,0,0,1,1,1,1,1,1,1,1,0,0,2,2,2,1,0,0,1,0,1,1,0,0,0,0,0,0
072_S_4390,0,1,1,1,1,1,0,1,1,1,1,0,1,0,0,0,0,0,0,1,2,0,0,0,0,0,0,0,1,1,2,1,1,2,2,2,1,1,0,0,2,0,1,0,0,1,0,0,0,0,1,1,1,0
072_S_4391,0,1,1,1,1,1,1,1,1,0,0,2,2,2,0,0,0,0,0,0,1,1,2,2,0,0,1,1,0,2,2,2,2,0,1,1,0,0,1,1,1,0,0,0,1,0,0,0,0,0,0,0,0,0
072_S_4394,0,0,0,0,1,0,1,1,1,2,0,1,2,1,2,1,0,0,0,0,0,1,1,1,1,1,1,1,1,0,0,0,0,1,1,1,1,1,0,0,0,0,0,0,0,0,1,1,0,1,0,0,0,0
072_S_4445,0,0,0,0,2,2,0,2,0,1,0,1,1,1,1,1,1,1,1,0,1,1,0,0,1,1,1,1,1,1,0,0,0,1,1,1,0,0,0,0,1,1,0,0,0,0,0,0,0,1,0,0,0,0
072_S_4462,0,0,0,0,0,0,1,1,0,1,0,1,1,1,1,1,1,1,1,1,1,1,1,1,2,2,0,0,1,0,1,1,1,1,1,1,0,0,0,0,0,0,0,0,0,1,0,0,0,0,1,1,1,0
072_S_4465,0,2,2,1,1,1,1,0,0,2,1,1,1,1,0,0,1,1,1,0,1,0,1,1,0,0,0,0,2,0,1,1,1,0,0,0,0,0,1,1,2,0,0,0,1,0,0,0,0,1,0,0,0,1
072_S_4539,1,0,0,0,0,0,1,1,0,0,0,1,1,1,2,1,0,0,0,1,2,1,1,1,1,1,1,1,0,0,0,0,0,1,1,1,0,0,1,1,2,1,1,0,1,2,1,1,0,0,0,0,0,0
072_S_4613,0,0,0,0,1,1,0,2,1,0,0,0,1,0,0,0,2,2,2,0,1,0,0,0,1,1,1,1,0,1,0,0,0,0,0,0,0,0,1,1,1,1,0,0,1,0,1,1,0,1,0,0,0,0
072_S_4871,0,0,0,0,1,1,1,2,0,1,1,1,1,1,1,1,0,0,0,0,1,1,1,1,0,0,1,1,1,1,0,0,0,1,1,1,0,0,1,1,1,1,0,1,1,0,1,1,0,1,1,1,1,0
072_S_4941,0,0,0,0,0,0,0,1,1,0,0,0,0,0,1,1,1,0,0,0,1,1,2,2,1,1,0,0,1,1,2,2,2,0,1,1,0,0,1,1,1,0,0,0,1,0,0,0,0,0,0,0,0,1
073_S_0089,2,1,1,1,0,0,0,2,2,2,1,0,0,0,1,1,0,0,0,0,0,0,1,1,0,0,0,0,2,0,2,2,2,1,1,1,1,1,1,1,1,0,1,1,1,1,0,0,0,0,1,1,1,0
073_S_0311,0,0,0,0,2,2,0,2,1,1,1,0,0,0,0,0,1,1,1,1,1,1,0,0,2,2,2,2,1,1,1,1,1,2,2,2,1,1,0,0,0,0,1,0,1,0,1,1,0,0,0,0,1,1
073_S_0746,0,0,0,0,0,0,2,0,1,1,0,0,0,0,2,2,1,0,0,0,1,0,2,2,1,1,2,2,1,1,1,1,2,0,0,0,0,0,0,0,0,0,0,0,0,0,0,0,0,1,2,2,2,0
073_S_2153,1,0,1,0,1,1,1,0,1,1,0,0,1,0,2,2,1,0,0,1,2,1,1,1,1,1,2,2,2,0,1,1,1,2,2,2,0,0,1,1,1,1,2,0,2,1,1,1,0,0,0,0,0,0
073_S_2190,0,0,0,0,2,2,1,1,2,0,0,0,0,0,1,1,1,1,1,0,1,2,1,1,0,0,0,0,0,1,0,0,0,1,2,2,0,0,1,1,1,1,0,0,2,1,1,1,0,0,0,0,0,0
073_S_2225,0,0,0,0,2,2,0,1,0,1,0,0,0,0,0,0,0,0,0,0,0,0,0,0,1,1,0,0,1,1,1,1,1,0,1,1,0,0,0,0,0,1,0,0,2,1,0,0,0,1,0,0,0,0
073_S_4155,0,0,0,0,0,0,0,2,0,0,0,0,0,0,0,0,0,0,0,0,1,1,1,1,2,2,1,1,1,1,2,1,1,0,0,0,0,0,0,0,0,2,0,1,1,0,1,1,0,1,1,1,1,0
073_S_4216,2,1,1,1,0,0,1,1,0,1,1,0,0,0,0,0,0,0,0,0,0,1,0,0,2,2,1,1,0,1,2,2,2,0,1,1,1,1,0,0,0,0,2,1,0,0,0,0,0,0,0,0,0,0
073_S_4259,0,0,0,0,2,2,1,0,0,1,1,1,2,1,0,0,0,0,0,0,1,1,1,1,1,1,1,1,1,0,1,1,1,1,1,1,0,0,2,2,2,0,1,0,0,1,1,1,0,1,1,1,1,1
073_S_4300,1,0,0,1,1,1,0,2,0,1,0,0,0,0,0,0,1,1,1,0,1,1,0,0,1,1,0,0,2,0,1,1,1,0,1,1,1,1,2,2,2,1,1,1,2,0,0,0,0,1,0,0,0,0
073_S_4311,0,1,1,1,1,1,1,1,0,1,2,1,1,1,1,1,1,1,1,1,2,2,1,1,1,1,2,2,0,2,1,1,1,1,1,1,1,1,1,1,1,0,0,0,0,0,0,0,0,2,0,0,0,0
073_S_4312,0,0,0,0,0,0,0,1,1,1,1,0,0,0,0,0,1,1,1,0,0,2,0,0,2,2,0,0,0,1,2,2,2,0,0,0,0,0,0,0,1,1,1,0,1,0,0,0,1,0,0,0,0,1
073_S_4360,0,0,0,0,0,0,0,1,1,2,1,0,0,0,2,1,0,0,0,1,2,1,0,0,0,0,2,2,0,2,1,1,1,1,2,2,0,0,0,0,0,1,0,0,1,1,0,0,0,0,0,0,0,0
073_S_4382,0,1,1,1,1,1,1,0,0,1,1,1,1,1,1,0,0,1,1,1,2,2,1,1,2,2,2,2,2,0,2,1,1,0,0,0,0,0,0,0,0,0,1,0,1,1,0,0,0,0,0,0,0,0
073_S_4443,1,0,0,0,0,0,0,1,0,2,1,1,2,1,2,1,0,0,0,0,1,0,1,1,1,1,1,1,0,1,1,1,1,1,2,2,0,0,0,0,1,1,0,0,0,1,1,1,0,1,0,0,0,0
073_S_4540,0,1,0,0,1,1,2,0,1,2,2,1,1,1,0,0,0,0,0,0,1,0,1,1,2,2,1,2,0,1,2,2,2,1,1,1,0,0,0,0,0,1,1,0,1,0,1,1,0,1,0,0,0,0
073_S_4552,1,0,0,0,2,2,0,2,1,0,1,0,0,0,0,0,0,0,0,0,0,0,2,2,1,1,1,1,1,1,1,1,1,1,1,1,0,0,0,0,1,0,1,0,1,0,0,0,1,2,0,0,0,1
073_S_4559,1,0,0,0,0,0,1,1,1,1,0,0,0,0,0,0,2,1,1,0,1,0,0,0,0,0,2,2,0,1,0,0,0,1,1,1,0,0,0,1,2,0,1,0,1,0,1,1,0,1,0,0,0,0
073_S_4614,1,0,0,0,1,1,0,2,0,1,0,2,2,2,0,1,2,1,1,0,1,1,0,0,1,1,1,1,0,0,0,0,0,0,1,1,0,0,0,0,0,1,0,1,2,0,0,0,0,0,0,0,0,1
073_S_4739,0,0,0,0,0,0,0,0,0,1,1,0,0,0,1,1,2,2,2,0,1,0,0,0,1,1,0,0,0,0,2,2,2,1,1,1,0,0,0,0,0,0,1,0,2,0,0,0,0,0,0,0,0,0
073_S_4825,0,1,1,1,2,2,1,1,1,2,0,0,0,0,0,0,0,0,0,0,1,0,1,1,2,2,0,0,2,0,1,1,1,1,1,1,0,0,0,0,0,1,1,0,2,2,0,0,0,2,0,0,0,0
073_S_4853,0,0,0,0,1,1,1,2,0,2,2,2,2,2,1,1,0,0,0,0,1,1,2,2,2,2,1,1,0,1,1,1,1,1,1,1,0,0,0,0,0,0,1,0,0,1,1,1,1,0,0,0,0,1
073_S_5090,0,1,1,1,1,0,0,1,0,2,1,0,0,0,1,1,1,1,1,0,0,0,0,0,0,0,0,0,2,0,0,0,0,0,0,0,0,0,0,0,0,0,1,0,1,0,0,0,1,1,0,0,0,2
073_S_5167,2,1,1,1,1,1,1,0,0,0,1,2,2,2,1,1,1,1,1,0,1,0,1,1,0,0,1,1,1,1,2,2,2,1,2,2,0,0,1,1,1,1,0,0,0,0,0,0,0,1,0,0,0,0
073_S_5227,0,0,0,0,0,0,0,2,0,1,1,1,1,1,1,1,0,0,0,0,2,0,2,2,1,1,0,0,1,1,0,0,0,0,0,0,0,0,1,1,1,1,2,1,1,0,0,0,0,2,0,0,0,1
082_S_2099,0,0,0,0,1,1,1,0,1,2,1,0,0,0,1,0,2,2,2,0,0,0,2,2,0,0,0,1,0,1,1,1,1,0,0,0,0,0,1,1,1,1,0,0,1,0,0,0,0,0,0,0,0,0
082_S_2121,1,0,0,0,0,0,0,2,0,0,0,0,0,0,0,0,0,0,0,0,0,0,2,2,0,0,1,1,2,0,1,1,1,0,0,0,0,0,1,1,1,0,1,0,2,0,0,0,1,1,0,0,0,1
082_S_4090,0,0,0,0,0,0,1,0,0,0,1,1,1,1,1,1,1,1,1,0,1,0,1,1,1,1,1,1,0,1,0,1,1,1,1,1,0,0,1,1,1,0,1,0,1,1,1,1,0,0,0,0,0,0
082_S_4244,1,0,0,0,2,2,0,2,0,1,0,0,0,0,0,0,1,1,1,0,1,0,0,0,1,1,0,0,2,0,0,0,0,0,0,0,0,0,0,0,0,1,1,0,1,0,1,1,0,1,1,1,1,0
082_S_4339,0,0,0,0,1,1,1,1,2,1,1,0,0,0,1,1,1,1,1,0,0,0,0,0,1,1,0,0,2,0,0,0,0,1,0,0,0,0,0,0,0,2,1,0,2,0,0,0,0,0,0,0,0,2
082_S_5029,0,0,0,0,2,1,0,2,0,1,0,1,1,1,1,1,0,0,0,0,1,0,1,1,1,1,2,2,2,0,1,1,1,0,0,0,2,2,1,1,1,2,0,0,1,1,1,1,1,1,0,0,0,2
094_S_2238,1,0,0,0,0,0,0,1,0,1,0,0,0,0,0,0,2,2,2,0,2,0,2,2,0,0,0,0,0,2,0,0,0,2,0,0,0,0,0,0,0,0,1,0,1,0,0,0,0,1,0,0,0,0
094_S_2367,0,0,0,0,1,0,0,1,0,1,0,0,0,0,1,1,1,0,0,0,1,0,1,1,1,1,0,0,1,1,1,1,1,0,0,0,0,0,1,1,2,0,0,0,0,1,0,0,0,1,0,0,0,1
094_S_4089,0,1,1,1,1,1,1,1,1,0,0,1,2,1,1,1,1,1,1,1,1,1,2,2,0,0,2,2,0,1,0,1,1,1,1,1,0,0,0,0,2,1,0,0,2,1,1,1,0,1,1,1,1,1
094_S_4234,1,0,0,0,2,2,0,1,0,1,0,0,0,0,1,1,1,1,1,1,1,1,1,1,1,1,1,1,2,0,0,0,0,0,0,0,0,0,0,0,2,2,1,1,0,0,0,0,0,0,0,0,0,1
094_S_4282,0,1,1,1,1,0,0,1,0,1,1,0,0,0,2,2,1,1,1,1,1,1,2,2,0,0,2,2,2,0,0,0,0,1,1,1,0,0,1,1,1,0,1,1,1,0,0,0,0,1,0,0,0,1
094_S_4503,0,1,1,1,1,1,0,2,0,2,0,0,0,0,0,1,1,1,1,0,0,1,1,0,0,0,1,1,1,1,0,0,0,1,1,1,0,0,1,0,0,0,0,1,1,1,0,0,0,0,0,0,0,0
098_S_0171,1,0,0,0,2,2,0,1,2,0,1,1,1,1,0,0,1,0,0,1,1,1,0,0,0,0,2,2,0,2,0,1,1,1,1,1,0,0,0,0,0,0,1,1,0,0,1,1,0,0,1,1,0,0
098_S_0172,0,0,0,0,0,0,1,1,2,1,0,0,0,0,1,1,1,1,1,0,1,0,1,1,1,1,1,1,1,0,1,0,0,1,1,1,0,0,0,0,0,0,0,0,0,0,0,0,0,0,0,0,0,0
098_S_0667,1,0,0,0,2,2,0,2,0,2,0,1,1,1,1,1,1,0,0,1,2,1,1,1,0,0,1,1,0,2,2,2,2,0,0,0,0,0,0,0,1,0,0,0,0,1,0,0,1,0,0,0,0,1
098_S_0896,0,1,1,1,0,0,1,1,1,1,1,0,1,0,1,1,0,0,0,1,1,1,1,1,1,1,1,1,1,0,0,0,0,1,1,1,0,0,0,0,1,1,0,0,1,0,0,0,0,1,0,0,0,0
098_S_2047,0,0,0,0,2,2,0,2,2,1,1,0,1,0,2,2,1,1,1,0,1,0,1,1,1,1,1,1,1,1,1,1,1,0,0,0,2,2,0,0,2,0,0,0,2,1,1,1,0,1,0,0,0,1
098_S_2052,0,0,0,0,1,1,0,2,1,2,0,0,1,0,1,1,1,1,1,0,0,1,2,2,1,1,0,0,1,0,1,1,1,0,0,0,0,0,0,0,0,0,1,0,2,1,1,1,0,0,0,0,0,0
098_S_2079,1,0,0,0,0,0,2,0,0,0,1,0,0,0,1,1,1,1,1,0,0,0,1,1,2,2,1,1,1,1,0,0,0,0,0,0,0,0,1,1,1,0,1,1,1,1,1,1,0,1,0,0,0,0
098_S_4003,1,1,1,1,1,0,0,0,0,0,0,0,0,0,1,1,1,1,1,0,1,0,0,0,2,2,0,0,0,1,1,1,1,0,0,0,0,0,0,0,1,1,1,1,0,1,0,0,0,0,0,0,0,1
098_S_4050,1,1,1,1,1,1,0,1,1,1,1,0,0,0,0,1,1,1,1,0,0,1,2,2,1,1,1,1,0,2,2,2,2,1,2,2,0,0,2,2,2,1,0,0,1,1,0,0,0,0,0,0,0,0
098_S_4201,0,1,1,1,1,1,1,1,0,1,1,0,1,0,1,1,0,0,0,1,1,2,0,0,0,0,1,1,1,0,1,1,1,0,0,0,0,0,0,0,0,0,0,0,2,1,1,1,0,1,0,0,1,2
098_S_4215,0,0,0,0,1,1,0,0,1,2,0,1,1,1,1,1,1,1,1,1,2,2,1,1,2,2,1,1,0,1,2,2,2,0,0,0,1,1,0,0,1,0,0,0,2,0,0,0,1,0,0,0,0,1
098_S_4275,0,1,1,1,1,1,0,0,1,1,1,1,2,1,0,0,1,1,1,0,0,1,0,0,0,0,0,0,1,1,1,1,1,0,1,1,0,0,1,1,1,1,2,1,0,0,1,1,0,1,1,1,1,0
098_S_4506,0,0,0,0,0,0,1,0,1,1,1,0,0,0,1,0,2,2,2,0,1,1,1,1,2,2,0,0,1,1,1,1,1,1,1,1,0,0,0,0,1,0,1,0,2,2,1,1,0,0,1,1,1,0
099_S_0051,2,0,0,0,2,1,0,1,1,0,2,0,0,0,1,1,1,1,1,0,1,0,0,0,2,2,0,0,0,1,1,0,0,0,0,0,0,0,0,0,0,0,1,1,0,0,1,1,0,0,0,0,0,2
099_S_0291,0,0,0,0,0,0,1,0,1,1,0,0,0,0,0,0,2,2,2,0,0,0,1,1,1,1,1,1,0,2,0,0,0,1,1,1,0,0,0,0,0,1,1,2,1,1,1,1,0,1,0,0,0,1
099_S_2042,0,0,0,0,0,0,1,0,1,2,0,1,1,1,1,1,1,1,1,0,2,0,0,0,1,2,0,0,1,1,1,1,1,1,1,1,0,0,0,0,0,1,0,0,1,0,0,0,0,0,0,0,0,0
099_S_2063,0,0,0,0,2,2,1,0,0,0,1,0,0,0,1,0,2,2,2,2,2,1,1,1,1,1,0,1,0,0,1,1,1,1,1,1,0,0,1,1,1,1,0,0,2,1,1,1,0,2,1,1,1,1
099_S_2146,0,0,0,0,2,2,0,1,0,1,1,0,0,0,1,0,0,0,0,1,1,1,0,0,2,2,2,2,0,1,0,0,0,0,0,0,2,2,1,1,1,1,1,0,2,1,0,0,0,2,0,0,0,0
099_S_2205,2,0,0,0,0,0,1,0,2,1,0,1,1,1,1,1,0,0,0,0,1,0,0,0,0,0,1,1,1,1,1,1,1,0,1,1,0,0,1,1,1,1,0,1,1,0,1,1,0,1,0,0,0,0
099_S_4104,0,0,0,0,1,0,0,1,1,2,1,1,1,1,2,1,0,0,0,0,0,0,1,1,1,1,0,1,1,0,2,2,2,0,0,0,0,0,0,0,0,0,0,0,1,0,0,0,0,1,0,0,0,0
099_S_4157,0,0,0,0,1,1,0,0,0,2,1,0,2,0,1,1,2,2,2,1,1,0,2,2,1,1,0,0,1,1,0,0,0,1,1,1,1,1,0,0,0,0,1,0,1,1,1,1,0,1,0,0,0,0
099_S_4202,0,1,1,1,2,2,1,1,1,2,0,0,0,0,1,1,0,0,0,0,1,0,1,1,0,0,0,0,1,1,1,1,1,2,2,2,0,0,0,0,0,1,0,1,1,1,0,0,0,1,0,0,0,0
099_S_4205,0,1,1,1,0,0,0,1,1,1,1,0,0,0,1,1,0,0,0,1,1,1,2,2,0,0,1,1,1,0,1,1,1,0,1,1,0,0,1,1,1,0,2,0,2,0,0,0,0,1,1,1,1,0
099_S_4463,0,1,1,1,1,1,0,2,0,1,1,0,1,0,0,0,0,0,0,0,1,0,0,0,1,1,0,0,1,1,0,0,0,2,2,2,0,0,1,1,1,0,1,0,1,0,1,1,0,0,0,0,0,1
099_S_4475,0,0,0,0,2,2,0,2,0,0,1,0,0,0,1,1,1,1,1,0,1,2,0,0,1,1,0,0,0,2,1,1,1,1,1,1,0,0,0,0,0,1,0,0,0,0,0,0,1,1,0,0,0,1
099_S_4498,0,1,1,1,2,2,0,0,1,0,1,1,1,1,1,0,1,1,1,2,2,2,0,0,1,1,1,1,1,0,2,2,2,1,1,1,1,1,1,1,1,0,0,0,1,0,0,0,0,0,0,0,0,0
099_S_4565,0,0,0,0,1,1,1,1,1,1,0,0,0,0,1,1,1,1,1,0,0,1,0,0,0,0,0,0,0,1,0,0,0,0,0,0,0,0,0,0,0,1,0,1,1,1,0,0,0,1,1,1,1,0
100_S_0047,0,0,0,0,1,1,0,2,1,2,1,0,0,0,0,0,0,0,0,0,0,1,1,1,1,1,1,1,0,0,2,2,2,1,1,1,1,1,1,1,1,0,0,0,0,0,0,0,0,0,0,0,0,0
100_S_0069,0,0,0,0,1,1,0,2,0,1,0,2,2,2,1,1,0,0,0,0,2,2,2,2,0,0,1,1,1,1,1,1,1,1,2,2,0,0,0,0,0,1,0,0,1,1,0,0,0,1,0,0,0,0
100_S_0296,0,0,0,0,0,0,1,1,0,1,1,0,0,0,1,1,1,0,0,0,1,0,1,1,0,0,0,0,1,1,0,0,0,2,2,2,0,0,1,1,1,1,1,0,2,1,0,0,0,0,0,0,0,0
100_S_1226,1,1,1,1,1,1,0,2,1,1,2,1,1,1,1,1,2,2,2,0,1,0,1,1,1,1,1,1,1,0,1,0,0,0,0,0,0,0,0,0,1,1,0,0,1,0,0,0,0,0,0,0,0,0
100_S_4469,1,0,0,0,2,2,1,0,0,2,0,1,1,1,1,1,1,1,1,1,1,1,1,1,0,0,2,2,2,0,0,0,0,0,0,0,1,1,0,0,0,0,0,0,0,0,0,0,0,0,0,0,0,1
100_S_5102,1,0,0,0,2,2,0,1,1,1,0,0,1,0,0,1,1,1,1,0,1,2,0,0,1,1,0,0,1,1,1,1,1,1,1,1,0,0,0,0,0,0,0,1,1,0,1,1,1,1,0,0,0,1
100_S_5106,1,1,1,1,1,1,0,2,1,1,0,0,0,0,0,0,0,0,0,0,0,0,1,1,0,0,1,1,1,1,0,0,0,0,0,0,0,0,0,0,0,0,0,0,1,0,0,0,0,1,0,0,0,0
109_S_4380,0,1,1,1,1,1,0,1,0,1,0,2,2,2,0,0,0,0,0,0,0,0,1,1,1,1,2,2,1,1,0,0,0,1,1,1,0,0,0,0,1,0,1,1,1,0,0,1,0,0,0,0,0,0
109_S_4455,1,1,1,1,1,1,0,1,1,2,1,0,1,0,1,1,0,0,0,0,1,1,2,2,1,1,1,1,2,0,0,0,0,0,0,0,0,0,0,0,1,1,0,0,1,0,0,0,0,1,0,0,0,0
109_S_4499,1,0,1,0,2,2,1,1,1,2,0,1,1,1,1,1,0,0,0,0,0,1,0,0,1,1,0,0,0,1,1,1,1,0,0,0,0,0,1,1,2,0,0,0,0,1,0,0,0,0,1,1,1,0
109_S_4594,1,0,0,0,2,2,0,1,1,1,0,0,1,0,1,1,0,0,0,1,1,1,0,0,0,0,0,0,1,1,0,0,0,1,1,1,2,2,0,0,0,0,2,0,1,0,1,1,1,0,0,0,0,1
114_S_0378,0,0,0,0,1,1,1,0,2,0,1,1,1,1,2,2,0,0,0,0,1,0,0,0,1,1,0,0,2,0,1,1,1,0,0,0,1,1,0,0,1,0,0,0,2,0,0,0,0,0,1,1,1,1
114_S_0416,1,0,0,0,2,2,2,1,0,0,0,1,1,1,0,0,0,0,0,0,0,1,1,1,1,1,1,1,1,1,1,1,1,1,1,1,0,0,0,0,0,1,1,0,1,0,0,0,0,1,1,1,1,0
114_S_4379,0,0,0,0,2,2,2,0,0,2,1,2,2,2,0,0,2,2,2,1,1,0,0,0,1,1,2,2,1,1,2,2,2,0,0,0,0,0,0,0,0,0,0,0,2,1,0,0,0,1,0,0,0,0
114_S_4404,0,0,0,0,0,0,0,1,1,1,1,1,1,1,1,1,1,1,1,0,2,0,1,1,1,1,2,2,1,1,1,1,1,1,1,1,0,0,0,0,0,0,2,0,1,1,0,0,0,1,0,0,0,0
116_S_4010,1,0,0,0,1,1,1,0,0,0,1,0,0,0,1,1,0,0,0,1,2,2,1,1,1,1,1,1,0,2,2,2,2,0,0,0,0,0,2,2,2,1,0,0,1,0,0,0,0,1,0,0,0,0
116_S_4092,0,1,1,1,1,1,1,1,0,1,1,1,1,1,1,1,0,0,0,0,0,0,1,1,2,2,2,2,0,1,2,2,2,0,0,0,0,0,1,1,1,2,1,1,2,1,0,0,0,0,0,0,0,0
116_S_4175,1,1,1,1,1,1,1,1,2,0,0,0,0,0,1,1,1,0,0,0,2,2,1,1,1,1,1,1,0,1,2,2,2,1,1,1,0,0,0,0,0,0,0,0,2,0,0,0,0,1,0,1,0,1
116_S_4195,1,2,2,2,1,1,0,2,0,1,0,1,1,1,1,1,0,0,0,0,1,2,2,2,1,1,0,1,0,0,2,2,2,0,0,0,0,0,1,1,1,1,0,0,2,0,1,1,1,1,0,0,0,2
116_S_4199,0,1,1,1,2,2,0,2,0,2,1,1,1,1,0,0,1,1,1,0,2,1,0,0,1,1,1,1,1,0,1,1,1,1,1,1,0,0,0,0,1,1,1,0,1,1,0,0,0,1,0,0,0,0
116_S_4209,0,0,0,0,0,0,1,0,1,0,0,1,1,0,0,0,0,0,1,0,1,1,1,1,1,1,0,0,1,1,1,1,1,0,0,0,0,0,2,2,2,0,1,0,2,0,1,1,0,0,0,0,0,0
116_S_4338,0,0,0,0,1,1,1,2,0,1,1,0,0,0,1,1,2,2,2,1,1,1,0,0,1,1,0,0,0,1,2,2,2,0,0,0,0,0,0,0,0,0,0,0,1,0,0,0,0,1,0,0,0,0
116_S_4483,0,0,0,0,0,0,0,2,0,1,0,0,0,0,0,1,0,0,0,0,1,0,0,0,1,1,1,1,2,0,1,1,1,0,0,0,0,0,0,0,0,1,2,1,1,0,0,0,0,1,0,0,0,0
116_S_4625,0,0,0,0,0,0,1,0,0,1,2,2,2,2,0,0,0,0,0,1,1,1,0,0,0,0,2,2,1,0,1,1,1,1,1,1,1,1,0,0,1,0,1,1,2,0,0,0,0,1,0,0,0,2
116_S_4635,1,0,0,0,1,1,1,0,0,1,0,0,0,0,2,2,0,0,0,0,1,1,0,0,0,0,0,0,0,1,1,1,1,2,2,2,0,0,0,0,0,0,0,0,0,0,0,0,0,0,0,0,0,1
116_S_4732,0,0,0,0,1,1,1,0,1,1,0,0,0,0,2,2,0,0,0,0,0,0,1,1,1,1,0,0,1,1,2,2,2,0,0,0,0,0,0,0,1,1,1,1,2,0,0,0,0,0,1,1,1,0
123_S_4096,1,0,0,0,1,1,0,1,0,0,0,0,0,0,0,0,0,0,0,0,1,0,1,1,1,1,1,1,0,2,0,0,0,0,1,1,0,0,1,1,1,1,1,0,2,0,0,0,0,1,0,0,0,2
123_S_4526,1,1,1,1,0,0,0,1,0,1,1,0,1,0,2,2,1,1,1,1,2,2,1,1,1,1,1,1,1,0,1,1,1,1,1,1,0,0,1,1,1,0,0,1,1,0,0,0,0,0,0,0,0,2
123_S_4780,1,0,0,0,1,1,0,1,0,0,0,1,1,1,2,2,0,0,0,0,2,0,0,0,1,1,1,1,0,1,1,1,2,2,2,2,0,0,1,1,2,0,0,1,0,0,2,2,0,1,0,0,0,0
123_S_4806,0,1,1,1,2,1,1,1,1,0,0,0,1,0,0,0,0,0,0,0,1,0,1,1,1,1,1,1,0,0,0,0,0,1,1,1,0,0,0,0,0,0,0,0,2,2,0,0,0,2,0,0,0,0
123_S_4904,1,0,0,0,1,1,1,1,0,0,1,1,1,1,2,2,2,2,2,0,2,0,0,0,0,0,1,1,0,1,1,2,2,0,2,2,0,0,1,1,1,0,1,0,2,0,0,0,0,0,0,0,0,2
126_S_2360,0,1,1,1,2,1,0,2,0,2,0,0,0,0,2,1,2,2,2,0,1,0,2,2,0,0,0,0,1,0,2,2,2,0,0,0,0,0,0,0,1,1,0,0,2,0,0,0,0,2,0,0,0,1
126_S_2407,0,0,0,0,0,0,0,2,1,1,0,1,1,1,0,0,0,0,1,0,1,0,1,1,1,1,1,1,2,0,0,0,0,0,1,1,0,0,0,0,0,2,2,0,1,0,0,0,0,1,1,1,1,0
126_S_4458,0,0,0,0,0,0,2,0,0,0,0,1,1,1,1,2,0,0,0,1,2,2,0,0,0,0,0,1,2,0,0,0,0,0,1,1,0,0,1,1,1,0,1,0,1,0,1,1,0,1,0,0,0,1
126_S_4494,1,1,1,1,1,1,0,2,1,1,0,1,1,1,2,1,0,0,0,1,1,1,1,1,0,1,2,2,1,0,0,0,0,1,1,1,0,0,0,0,0,1,1,1,0,0,1,1,0,2,0,0,0,2
126_S_4507,1,1,0,0,0,0,0,2,0,2,0,0,1,0,1,0,1,1,1,0,0,0,0,0,1,1,2,2,1,1,0,0,1,0,0,0,1,1,0,0,0,2,0,1,1,0,0,0,0,1,0,0,0,1
126_S_4514,0,1,1,1,1,1,0,0,0,1,1,0,0,0,1,1,2,2,2,1,1,2,0,0,0,0,0,0,2,0,0,0,0,0,0,0,0,0,1,1,1,1,0,0,0,0,1,1,0,1,0,0,0,1
126_S_4712,1,1,1,1,0,0,0,0,1,2,1,0,0,0,0,0,1,1,1,0,1,0,1,1,2,2,1,1,1,1,2,2,2,0,0,0,1,1,0,0,1,1,0,0,1,0,0,0,1,2,0,0,0,1
126_S_4743,1,0,0,0,0,0,1,1,1,1,0,0,0,0,2,0,0,0,0,0,0,0,0,0,1,1,0,0,2,0,1,1,1,0,0,0,1,1,0,0,0,1,0,0,0,0,0,0,0,1,0,0,0,1
126_S_4896,1,0,0,0,1,1,0,1,1,2,0,1,1,1,1,1,1,1,1,0,1,0,0,0,1,1,0,0,0,1,1,1,1,0,1,1,1,1,1,1,1,1,0,1,1,2,0,0,0,0,0,0,0,1
126_S_5214,1,0,0,0,1,1,0,1,0,1,0,0,0,0,2,2,2,1,1,1,1,1,0,0,0,0,1,1,1,1,0,0,0,0,0,0,0,0,2,2,2,1,0,0,0,0,1,1,0,1,0,0,0,0
127_S_2213,0,0,0,0,0,0,1,0,1,0,0,0,1,0,1,1,0,0,0,1,2,1,0,0,1,1,0,0,2,0,2,2,2,2,2,2,0,0,0,0,0,0,0,1,1,1,0,0,0,0,0,0,0,0
127_S_2234,0,0,0,0,0,0,0,2,0,0,0,0,0,0,2,2,1,1,1,0,1,0,2,2,1,1,1,1,0,1,1,1,0,1,1,1,0,0,1,1,1,2,0,2,2,1,1,1,0,1,0,0,0,0
127_S_4148,0,0,0,0,1,1,1,0,1,0,2,0,1,0,0,0,0,0,0,0,2,0,2,2,1,1,0,0,2,0,0,0,0,1,1,1,0,0,2,2,2,1,0,1,1,0,0,0,0,0,0,0,0,0
127_S_4197,2,1,1,1,2,2,0,2,0,1,1,0,0,0,0,0,1,1,1,0,0,1,0,0,0,0,1,1,0,2,0,0,0,0,0,0,0,0,0,0,0,1,1,0,1,0,0,0,0,0,0,0,0,1
127_S_4198,0,0,0,0,2,1,1,0,0,1,0,1,1,1,1,1,1,1,1,1,1,1,0,0,1,1,1,1,2,0,1,1,1,1,0,0,0,0,0,0,0,0,2,0,0,0,1,1,0,0,1,1,0,1
127_S_4301,0,0,0,0,1,1,1,0,0,2,1,0,0,0,0,1,0,0,0,1,1,2,0,0,0,1,0,0,0,0,1,1,1,0,1,1,0,0,0,0,1,0,0,0,1,0,1,1,0,2,2,2,2,0
127_S_4500,0,0,0,0,2,2,1,1,0,1,0,0,0,0,1,1,1,1,1,1,2,2,0,0,0,0,1,1,0,0,1,1,1,0,0,0,0,0,1,1,1,0,0,0,1,0,0,0,1,1,0,0,0,0
127_S_4604,1,1,1,1,1,1,1,1,1,1,0,1,1,1,0,0,1,1,1,0,1,0,0,0,2,2,1,1,1,0,2,2,2,1,1,1,0,0,0,0,0,1,1,0,0,0,1,1,0,1,0,0,0,1
127_S_4624,0,1,2,2,2,2,0,1,0,2,0,0,0,0,1,1,0,0,0,0,1,1,0,0,1,1,2,2,0,0,0,0,0,1,1,1,0,0,0,0,0,1,1,0,0,0,0,0,0,0,0,0,0,1
127_S_4645,1,0,0,0,1,1,0,1,1,2,0,0,1,0,0,0,1,0,0,1,1,1,2,2,0,0,0,0,1,0,1,1,1,0,0,0,0,0,0,0,0,1,2,0,0,0,1,1,0,0,0,0,0,0
127_S_4765,0,0,0,0,1,1,0,1,0,1,0,1,1,1,1,0,0,0,0,1,1,1,0,0,0,0,1,1,1,0,1,1,1,0,0,0,0,0,0,0,0,0,0,0,1,1,0,0,0,0,0,0,0,1
127_S_4928,1,0,0,0,0,0,0,0,0,0,1,0,0,0,2,2,0,0,0,1,1,0,1,1,1,1,0,0,0,1,1,1,1,1,2,2,0,0,0,0,0,0,1,1,0,0,0,0,1,0,0,0,0,1
127_S_5028,0,1,1,1,2,2,0,1,0,0,0,0,0,0,0,0,0,0,0,0,1,1,2,2,1,1,2,2,1,1,0,0,0,0,0,0,1,1,0,0,0,0,0,0,1,0,0,0,1,1,0,0,0,2
127_S_5095,2,0,0,0,0,0,0,2,0,1,0,2,2,2,2,2,1,1,1,0,2,2,1,1,1,1,1,1,0,1,1,1,1,1,2,2,0,0,0,0,0,2,0,1,1,0,0,0,1,2,1,1,1,2
127_S_5218,1,1,1,1,1,1,0,2,0,1,0,1,1,1,0,0,2,2,2,0,1,1,0,0,0,0,0,0,2,0,1,1,1,1,1,1,1,1,0,0,0,1,0,0,1,0,0,0,0,1,0,0,0,0
127_S_5228,1,0,0,0,0,0,2,0,0,1,1,1,1,1,1,1,2,2,2,0,1,1,0,0,0,0,1,1,1,0,1,1,1,1,1,1,0,0,0,0,0,1,1,0,1,1,0,0,0,2,0,0,0,0
127_S_5266,1,1,1,1,0,0,0,2,0,0,1,0,0,0,2,1,1,1,1,1,1,1,1,1,1,1,0,0,1,1,1,1,1,1,1,1,0,0,1,1,1,1,2,0,1,1,0,0,0,2,0,0,0,0
128_S_2002,0,1,1,1,1,1,0,2,0,1,0,0,2,0,1,1,2,2,2,1,1,1,1,1,1,1,0,0,0,1,2,2,2,1,0,0,0,0,0,0,0,0,0,1,1,0,0,0,0,0,0,0,0,0
128_S_2003,0,1,1,1,0,0,0,0,1,1,2,1,1,1,0,0,0,0,0,0,0,0,1,1,1,1,0,0,1,0,0,0,0,2,2,2,0,0,0,0,1,0,1,2,0,0,0,0,0,1,0,0,0,0
128_S_2011,0,0,0,0,2,2,0,0,0,0,0,0,1,0,1,1,2,2,2,2,2,2,1,1,0,0,1,1,2,0,2,1,1,1,1,1,0,0,0,0,0,1,0,0,1,0,0,0,0,0,0,0,0,0
128_S_2036,0,0,0,0,2,1,0,1,2,1,0,1,1,1,1,1,1,1,1,0,0,0,0,0,1,1,1,1,1,1,0,0,0,0,0,0,0,0,0,0,0,0,0,1,1,0,0,0,0,1,0,0,0,0
128_S_2045,0,1,1,1,1,1,1,1,1,0,0,0,0,0,0,0,2,2,2,1,1,1,1,1,1,1,0,0,2,0,0,0,0,0,0,0,0,0,1,1,1,1,1,0,0,0,0,0,1,0,0,0,0,1
128_S_2057,0,0,0,0,1,1,1,1,1,2,0,1,1,1,2,2,0,0,0,0,1,1,1,1,1,1,0,0,0,0,0,0,0,0,0,0,1,1,1,1,1,1,1,0,2,0,2,2,0,1,1,1,1,0
128_S_2123,0,2,2,2,1,1,1,0,1,0,0,0,0,0,1,1,0,0,0,0,1,0,0,0,2,2,1,1,2,0,0,0,0,0,0,0,1,1,1,1,1,1,1,0,1,0,0,0,0,1,0,0,0,0
128_S_2130,2,0,0,0,1,1,1,0,0,0,1,1,2,1,1,1,1,1,1,0,1,0,0,0,1,1,1,1,0,1,0,0,0,0,0,0,0,0,0,0,1,0,0,0,1,1,0,0,0,1,0,0,0,0
128_S_4571,0,1,1,1,0,0,0,2,0,0,0,2,2,2,1,1,0,0,0,0,2,0,1,1,1,1,0,0,0,1,1,1,1,1,1,1,0,0,0,0,0,0,0,0,1,0,0,0,0,1,0,0,0,1
128_S_4586,0,0,0,0,0,0,1,1,1,0,1,1,1,1,2,2,1,1,1,1,1,1,0,0,1,1,1,1,2,0,1,1,1,0,0,0,0,0,1,1,1,1,0,0,1,1,0,0,0,0,0,0,0,0
128_S_4609,0,1,1,1,1,1,0,1,0,1,0,1,1,1,0,0,1,1,1,1,1,0,0,0,0,0,1,1,1,0,1,1,1,1,1,1,0,0,1,1,1,1,0,1,1,0,0,0,0,0,0,0,0,0
128_S_4636,0,1,1,0,2,2,2,1,1,0,1,0,0,0,1,1,0,0,0,1,2,0,0,0,2,2,0,1,1,0,2,1,1,1,2,2,1,1,0,0,0,2,0,1,2,1,0,0,0,0,1,1,1,1
128_S_4792,1,0,0,0,0,0,0,0,1,1,0,1,1,0,1,1,0,0,0,0,1,0,1,1,1,1,2,2,1,0,1,1,1,2,2,2,1,1,0,0,1,0,1,0,0,0,0,0,0,0,1,1,1,0
128_S_4842,1,1,1,1,1,1,1,0,0,0,0,0,0,0,2,1,0,0,0,0,1,1,0,0,0,0,0,0,2,0,1,1,1,2,2,2,0,0,1,1,1,1,0,0,1,0,0,0,0,0,1,1,1,0
129_S_0778,0,0,0,0,1,1,1,1,0,2,0,0,0,0,2,2,0,0,0,1,1,1,0,0,0,0,1,1,1,0,0,0,0,1,1,1,0,0,0,0,1,1,0,0,0,1,0,0,0,0,0,0,0,1
129_S_2332,1,0,0,0,0,0,0,1,1,1,0,1,2,1,1,0,0,0,0,1,1,2,2,2,2,2,1,1,1,1,0,0,0,0,0,0,0,0,0,0,0,2,1,0,1,1,0,0,0,1,0,0,0,0
129_S_2347,1,1,1,1,1,1,1,0,1,0,0,1,1,1,0,0,1,0,0,0,0,2,2,2,0,0,1,1,2,0,1,1,1,0,0,0,1,1,1,1,1,0,0,0,1,0,0,0,0,1,0,0,0,1
129_S_4073,0,1,1,1,0,0,2,0,0,1,0,1,1,1,2,2,1,1,1,2,2,0,1,1,0,0,0,0,1,0,0,0,0,0,0,0,0,0,0,0,0,0,2,0,0,1,0,0,0,1,1,1,1,0
129_S_4369,1,0,0,0,0,0,1,0,1,2,1,1,1,1,2,2,0,0,0,1,1,2,0,0,0,0,1,1,2,0,0,0,0,0,0,0,0,0,0,0,0,0,1,0,1,0,0,0,0,1,0,0,0,0
129_S_4371,0,1,1,1,0,0,1,1,1,1,0,0,1,0,0,0,1,1,1,1,1,1,1,1,1,1,1,1,1,0,0,0,0,0,0,0,1,1,2,2,2,0,0,0,2,0,0,0,0,0,0,0,0,1
129_S_4396,1,0,0,0,2,2,1,1,0,0,2,1,1,1,1,1,1,1,1,0,0,0,1,1,2,2,1,1,0,2,0,0,0,1,1,1,0,0,1,1,1,0,0,0,1,0,1,1,0,0,1,1,1,0
129_S_4422,0,1,1,1,0,0,0,0,1,1,0,0,0,0,1,1,0,0,0,1,1,2,2,2,1,2,1,1,1,1,1,0,0,1,0,0,0,0,0,0,0,2,0,0,0,1,0,0,0,0,1,1,1,0
130_S_2391,0,0,0,0,0,0,1,0,1,0,0,0,1,0,2,2,1,1,1,0,0,1,0,1,0,0,1,1,0,2,0,0,0,0,0,0,0,0,1,1,1,1,1,0,1,0,1,1,0,1,0,0,0,1
130_S_2403,0,1,1,1,0,0,0,2,1,0,2,1,1,1,2,2,0,0,0,0,0,0,1,1,0,0,2,2,0,2,2,2,2,1,1,1,0,0,0,0,0,0,0,0,1,0,1,1,0,1,0,0,0,0
130_S_4250,0,1,1,1,2,2,0,1,2,1,1,0,0,0,1,1,1,1,1,0,0,0,0,0,0,0,0,0,1,0,0,0,0,1,1,1,0,0,1,1,1,1,1,1,1,0,1,1,1,2,0,0,0,1
130_S_4294,0,1,1,1,0,0,0,0,0,2,0,2,2,2,1,1,0,0,0,0,2,0,1,1,1,1,1,1,1,1,2,2,2,2,2,2,0,0,0,0,0,0,0,1,2,1,1,1,0,0,0,0,0,1
130_S_4352,0,0,0,0,1,0,0,1,1,0,0,1,2,1,0,0,0,0,0,0,0,0,0,0,2,2,1,1,2,0,0,0,1,1,1,1,0,0,0,0,0,0,0,0,0,1,0,0,0,1,0,0,0,0
130_S_4405,0,0,0,0,1,1,1,1,1,1,0,1,1,1,1,1,2,2,2,0,1,1,1,1,1,1,0,0,0,1,0,0,0,1,1,1,0,0,1,1,1,1,0,0,1,0,0,0,1,0,0,0,0,1
130_S_4417,0,0,0,0,1,1,0,1,0,0,0,1,2,1,1,1,1,0,0,0,0,0,1,1,1,1,1,1,1,1,2,2,2,0,0,0,0,0,2,2,2,0,0,0,1,1,0,0,0,0,0,0,0,0
130_S_4468,0,0,0,0,2,2,0,1,0,2,1,1,1,1,1,1,0,0,0,1,2,1,0,0,1,1,0,0,1,1,1,1,1,0,0,0,0,0,1,1,1,1,0,0,0,0,0,0,0,1,0,0,0,0
130_S_4542,1,0,0,0,0,0,0,1,0,0,0,1,1,1,2,2,1,1,1,1,1,1,0,0,1,1,2,2,1,0,0,0,0,0,0,0,0,0,1,1,1,2,0,0,1,0,1,1,0,0,0,0,0,2
130_S_4605,1,1,1,1,1,1,1,1,0,1,1,1,1,1,0,0,0,0,0,0,1,1,1,1,2,2,0,0,2,0,1,1,1,2,1,1,0,0,1,1,1,1,1,0,0,1,0,0,0,1,0,0,0,0
130_S_4641,0,0,0,0,1,1,0,1,1,0,2,1,1,1,0,0,0,0,1,1,2,2,0,0,1,1,0,0,0,1,0,0,0,0,0,0,0,0,1,1,1,1,0,0,1,0,0,0,1,1,0,0,0,2
130_S_4971,1,0,0,0,1,1,0,1,0,0,1,0,1,0,1,0,0,0,0,1,1,1,1,1,1,1,0,0,1,1,0,0,0,1,1,1,0,0,0,0,0,1,1,0,1,0,0,0,0,1,0,0,0,1
130_S_4982,0,0,0,0,1,1,0,1,1,1,0,1,1,1,1,1,2,2,2,0,1,1,1,1,1,1,0,1,1,1,0,0,0,0,0,0,1,1,0,0,0,0,2,0,1,0,0,0,0,1,0,0,0,2
130_S_4990,0,1,1,1,1,1,1,1,1,2,1,1,1,1,1,1,1,0,0,1,1,1,0,0,1,1,2,2,1,1,2,1,1,0,0,0,0,0,1,1,1,1,0,0,1,0,1,1,1,0,0,0,0,1
130_S_4997,1,0,0,0,1,1,1,1,1,1,0,0,1,0,1,1,0,0,0,0,1,1,0,0,0,0,1,2,0,0,1,1,1,0,0,0,0,0,0,0,0,1,1,0,0,0,1,1,0,0,0,0,0,0
130_S_5006,0,0,0,0,1,1,0,2,0,1,1,2,2,2,0,0,0,0,0,1,1,1,1,1,2,2,2,2,1,1,0,0,0,0,0,0,0,0,0,0,0,1,0,0,1,1,0,0,1,1,0,0,0,1
130_S_5175,1,0,0,0,1,1,0,2,1,1,1,0,0,0,0,0,1,1,1,1,1,2,2,2,1,1,0,0,2,0,2,2,2,0,0,0,0,0,0,0,0,0,0,1,2,0,0,0,0,0,0,0,0,0
130_S_5258,1,2,2,2,2,2,1,0,1,1,0,0,0,0,0,0,0,0,0,0,1,0,0,0,1,1,1,1,0,1,2,2,2,0,0,0,1,1,0,0,0,0,1,0,1,0,0,0,0,0,0,0,0,0
135_S_4281,0,0,0,0,0,0,0,2,0,0,0,0,0,0,0,0,1,0,0,0,2,0,0,0,0,0,0,0,2,0,1,1,1,1,0,0,0,0,0,0,0,0,0,0,1,0,0,0,0,1,0,0,0,0
135_S_4309,0,0,0,0,1,1,0,1,0,1,1,1,1,1,1,1,1,1,1,0,1,0,2,2,1,1,0,0,1,1,1,1,1,0,0,0,0,0,2,2,2,2,1,0,0,0,1,1,1,1,0,0,0,1
135_S_4356,0,0,0,0,0,0,1,1,0,0,1,0,0,0,0,0,1,1,1,0,0,1,0,0,1,1,0,0,2,0,1,1,1,1,1,1,0,0,1,1,1,0,0,0,1,0,1,1,0,1,0,0,0,0
135_S_4406,2,0,0,0,0,0,0,2,1,0,1,0,1,0,0,0,0,0,0,1,1,1,1,1,0,0,0,0,1,1,1,1,1,1,1,1,0,0,0,0,1,1,2,0,0,1,1,1,0,0,0,0,0,0
135_S_4446,0,0,0,0,0,0,1,1,0,0,0,0,0,0,0,0,2,2,2,1,1,1,0,0,1,1,2,2,0,1,1,1,1,0,0,0,0,0,0,0,1,0,0,1,2,0,0,0,0,0,0,0,0,0
135_S_4489,0,0,0,0,0,0,0,2,0,1,1,0,0,0,0,0,1,1,1,1,1,1,1,1,2,2,1,1,1,0,2,2,2,0,0,0,0,0,0,0,0,0,0,0,0,0,0,0,0,0,0,0,0,0
135_S_4598,1,1,1,1,2,2,0,0,0,0,0,0,0,0,0,0,0,0,0,0,0,1,0,0,1,1,1,1,1,1,0,0,0,0,0,0,0,0,0,0,0,1,0,0,1,0,0,0,0,0,0,0,0,0
135_S_4676,0,0,0,0,0,0,1,0,0,1,0,1,1,1,1,1,0,0,0,0,2,0,1,1,1,1,0,0,1,0,0,1,1,1,1,1,0,0,1,1,1,1,1,1,1,0,0,0,0,1,0,0,0,1
135_S_4689,0,0,1,1,2,2,0,2,1,2,2,0,0,0,0,0,0,0,0,1,1,1,1,1,2,2,0,0,1,0,0,0,0,0,1,1,1,1,0,0,0,0,2,0,2,0,0,0,0,0,0,0,0,2
135_S_4863,0,0,0,0,1,0,0,1,1,1,0,0,0,0,2,2,0,0,0,1,1,1,0,0,1,1,1,1,2,0,1,1,1,0,1,1,1,1,1,1,1,1,0,0,2,0,1,1,0,2,0,0,0,2
135_S_4954,1,0,0,0,1,1,0,1,0,2,1,2,2,2,1,1,0,0,0,2,2,2,1,1,1,0,1,1,0,1,0,0,1,1,1,1,0,0,1,1,1,1,1,0,2,0,1,1,0,0,0,0,0,2
135_S_5113,0,0,0,0,0,0,0,2,0,1,0,1,2,1,1,1,0,0,0,0,1,0,0,0,0,0,1,1,0,0,2,2,2,1,2,2,0,0,1,1,1,0,1,0,1,0,0,0,0,1,0,0,0,0
135_S_5269,0,0,0,0,2,2,0,1,0,1,0,0,0,0,2,2,0,0,0,1,1,1,1,1,1,1,0,0,1,0,0,0,0,1,1,1,0,0,0,0,1,1,1,0,2,1,0,0,1,1,0,0,0,1
135_S_5273,0,0,0,0,1,1,0,0,1,0,0,1,1,1,1,0,1,1,1,0,1,0,1,1,0,0,1,1,1,1,1,1,1,0,0,0,0,0,0,0,0,1,1,1,1,1,0,0,0,1,1,1,1,0
136_S_0107,0,0,0,0,0,0,0,1,1,2,2,2,2,2,1,1,2,1,1,1,2,1,1,1,0,0,2,2,0,2,0,0,0,1,1,1,0,0,0,0,0,0,0,1,1,0,0,0,0,2,0,0,0,0
136_S_0186,0,0,0,0,1,1,1,1,0,1,1,1,1,1,1,2,1,0,0,2,2,2,1,1,1,1,1,1,1,1,1,1,1,0,0,0,0,0,1,1,1,1,1,0,1,0,0,0,0,1,0,0,0,0
136_S_4189,0,0,0,0,0,0,0,1,2,0,0,0,0,0,1,1,1,0,0,1,1,0,1,1,1,1,1,1,1,0,1,1,1,0,0,0,0,0,0,0,1,1,0,0,1,0,0,0,1,0,0,0,0,1
136_S_4269,1,0,0,0,0,0,1,0,1,1,0,0,0,0,0,0,2,2,2,1,1,0,0,0,1,1,0,0,1,1,2,2,2,2,2,2,1,1,0,0,0,0,0,0,1,1,1,1,0,1,0,0,0,0
136_S_4433,0,0,0,0,0,0,2,0,0,0,1,0,0,0,0,0,1,0,0,1,2,1,1,1,0,0,0,0,1,1,0,0,0,1,1,1,0,0,0,0,0,1,0,0,1,0,1,1,1,0,0,0,0,1
137_S_0301,0,0,0,0,0,0,0,2,0,1,2,0,0,0,1,1,0,0,0,0,0,0,0,0,1,1,1,1,0,0,0,0,0,1,2,2,0,0,1,1,1,1,1,1,2,1,0,0,0,0,0,0,0,0
137_S_0668,0,2,1,1,1,1,0,0,0,0,0,0,1,0,1,1,0,0,0,1,1,1,0,0,1,1,0,0,2,0,1,1,1,2,2,2,0,0,0,0,0,1,0,0,1,0,0,0,0,1,0,0,0,0
137_S_0722,0,0,0,0,2,2,1,0,1,1,0,0,0,0,0,0,1,1,1,0,1,0,0,0,2,2,1,1,0,0,1,1,1,1,1,1,1,1,1,1,1,0,0,1,0,0,0,0,0,0,0,0,0,0
137_S_0800,1,0,0,0,2,2,0,1,1,0,0,0,0,0,1,1,2,2,2,1,1,1,1,1,1,1,0,0,0,0,0,0,0,2,2,2,0,0,0,0,0,0,0,1,1,0,0,0,1,1,1,1,1,2
137_S_0972,1,0,0,0,0,0,0,1,2,2,1,0,0,0,0,0,0,0,0,0,1,0,0,0,1,1,0,0,0,1,2,2,2,2,2,2,0,0,0,0,0,1,0,0,2,0,0,0,0,0,0,0,0,1
137_S_0994,0,0,0,0,0,0,0,1,1,2,1,1,1,1,1,0,0,0,0,0,0,1,1,1,1,1,1,1,2,0,0,0,0,0,1,1,1,1,1,1,1,1,0,0,2,1,1,1,0,0,0,0,0,1
137_S_1414,1,0,0,0,0,0,2,0,1,0,1,1,1,1,1,0,1,1,1,1,2,0,2,2,1,1,2,2,0,1,1,1,1,0,0,0,0,0,1,1,1,1,0,0,2,0,0,0,1,0,0,0,0,1
137_S_4258,0,0,0,0,2,2,2,0,1,0,1,0,0,0,1,1,0,0,0,1,2,1,1,1,1,1,0,0,1,1,0,0,0,1,1,1,1,1,1,1,1,2,1,0,1,0,0,0,0,0,0,0,0,1
137_S_4299,2,0,0,0,2,2,1,0,0,1,1,0,0,0,1,1,1,1,1,0,1,1,1,1,0,0,0,0,1,1,1,1,1,1,1,1,1,1,1,1,1,0,0,0,0,0,0,0,0,1,0,0,0,0
137_S_4303,1,0,0,0,0,0,2,0,1,0,0,0,0,0,0,0,0,0,0,0,0,1,0,0,1,1,2,2,1,0,0,0,0,1,1,1,0,0,0,0,0,0,0,0,1,0,1,1,0,0,0,0,0,1
137_S_4331,0,0,0,0,0,0,1,2,1,1,0,0,0,0,1,1,2,2,2,1,1,2,0,0,0,0,1,1,0,1,0,0,0,1,2,2,1,1,1,1,1,1,1,1,0,0,0,0,0,0,0,0,0,1
137_S_4351,1,0,0,0,1,1,0,2,1,0,0,2,2,2,0,0,0,0,1,1,1,1,1,1,0,0,1,1,1,1,1,1,1,0,0,0,1,0,0,0,0,0,0,0,1,1,1,1,0,0,0,0,0,1
137_S_4596,1,0,0,0,0,0,0,1,0,1,0,1,1,1,1,0,0,0,0,0,0,0,0,0,2,2,1,1,1,1,2,2,2,1,0,0,0,0,0,0,0,1,0,0,1,1,0,0,0,1,0,0,0,0
137_S_4632,1,1,1,1,1,1,0,2,0,0,0,1,2,1,1,1,0,0,0,0,1,0,0,0,1,1,1,1,1,1,1,1,1,0,0,0,0,0,0,0,2,2,0,0,1,1,0,0,0,1,0,0,0,0
137_S_4672,0,0,0,0,2,2,2,0,1,2,0,0,0,0,1,1,1,1,1,0,0,0,0,0,1,1,0,1,1,0,0,0,0,1,1,1,0,0,0,0,0,0,0,1,2,0,2,2,0,1,0,0,0,2
137_S_4756,0,1,1,1,1,1,1,0,0,0,1,1,1,1,0,0,1,1,1,0,0,0,0,0,2,2,1,1,1,0,0,0,0,0,0,0,0,0,0,0,1,0,1,0,0,0,0,0,0,0,1,1,1,1
137_S_4815,1,1,1,1,1,0,0,2,0,0,1,0,0,0,1,1,0,0,0,0,0,0,0,0,1,1,1,1,0,1,0,0,0,1,1,1,0,0,1,1,2,1,0,0,1,1,1,1,0,0,0,0,0,2
137_S_4862,1,1,1,1,1,1,0,1,1,1,1,0,0,0,0,0,1,1,1,1,1,1,2,2,0,0,1,1,1,1,1,1,1,0,1,1,0,0,0,0,0,2,1,1,2,0,0,0,0,0,0,0,0,0
141_S_2333,0,0,0,0,1,1,0,2,0,0,0,0,0,0,0,0,2,2,2,0,0,1,1,1,1,1,0,0,1,0,0,0,0,0,0,0,1,1,0,0,0,0,1,1,1,1,1,1,1,0,1,1,1,1
141_S_4053,1,0,0,0,0,0,2,0,1,0,0,1,1,1,1,1,1,1,1,0,0,0,0,0,1,1,2,2,1,1,1,1,1,1,1,1,0,0,1,1,1,1,0,0,2,0,0,0,1,2,0,0,0,2
141_S_4232,0,0,0,0,0,0,0,1,0,1,1,1,1,1,1,2,0,0,0,1,1,1,0,0,1,1,0,0,2,0,0,0,0,1,1,1,0,0,0,0,0,0,0,0,1,0,1,1,0,1,0,0,0,0
141_S_4426,0,0,0,0,1,1,1,1,2,2,0,1,1,1,1,1,0,0,0,0,0,0,1,1,2,2,1,1,1,1,0,0,0,1,1,1,0,0,0,0,1,0,1,1,1,0,1,1,0,0,0,0,0,0
141_S_4438,0,0,0,0,1,1,0,2,0,0,1,0,1,0,0,1,1,1,1,0,1,1,1,1,2,1,1,1,2,0,1,1,1,0,0,0,0,0,1,1,1,1,1,1,1,0,0,0,0,2,0,0,0,0
141_S_4803,0,0,0,0,0,0,0,1,0,0,0,1,1,1,0,0,1,1,1,1,1,2,0,0,2,2,1,1,1,0,0,0,0,1,1,1,1,1,0,0,0,1,1,0,0,1,0,0,0,0,0,0,0,0
141_S_4907,1,1,1,1,2,2,0,1,1,1,1,1,1,1,0,0,1,1,1,0,0,0,0,0,0,0,0,0,0,1,0,0,0,0,1,1,0,0,0,0,0,1,0,1,1,1,0,0,0,0,0,0,0,1
141_S_4976,1,2,2,2,1,1,0,2,0,1,0,0,1,0,1,1,1,1,1,0,1,0,0,0,2,2,2,2,2,0,0,0,0,1,1,1,2,2,0,0,0,1,1,0,1,1,0,0,0,0,0,0,0,1
153_S_2109,1,0,0,0,2,2,0,0,1,0,0,0,0,0,0,0,1,1,1,0,0,1,0,0,1,1,0,0,1,0,1,1,1,0,0,0,0,0,0,0,1,1,0,0,0,1,0,0,0,0,0,0,0,0
153_S_2148,0,0,0,0,0,0,0,1,1,2,0,0,0,0,2,2,1,1,1,0,1,2,1,1,1,0,1,1,1,1,1,1,1,1,1,1,0,0,0,0,0,0,1,0,1,0,0,0,0,1,0,0,0,0
153_S_4077,1,1,1,1,1,1,0,1,0,0,0,0,0,0,0,0,2,1,1,0,1,2,0,0,1,1,1,1,1,1,1,1,1,1,1,1,0,0,0,0,0,1,1,0,2,0,1,1,0,1,0,0,0,0
153_S_4139,1,1,1,1,0,0,0,0,0,2,0,1,1,1,1,1,2,1,1,0,1,1,0,0,1,1,1,1,1,0,2,2,2,0,1,1,0,0,0,0,1,1,1,0,2,0,0,0,0,1,0,0,0,0
153_S_4151,0,0,0,0,1,1,1,0,0,2,1,0,1,0,0,0,0,0,0,0,0,1,1,1,2,2,1,1,1,0,1,1,1,2,2,2,0,0,1,1,1,0,2,1,1,1,0,0,0,1,0,0,0,0
153_S_4172,0,0,0,0,1,1,0,1,0,0,0,1,2,1,0,0,0,0,0,2,2,2,1,1,1,1,0,0,1,0,1,1,1,0,0,0,0,0,0,0,0,1,1,1,1,0,1,1,0,1,0,0,0,0
153_S_4297,1,1,1,1,1,1,0,2,1,1,0,0,1,0,0,0,1,1,1,1,1,2,0,0,1,1,1,1,2,0,1,1,2,0,1,1,0,0,1,1,2,1,1,0,1,0,0,0,0,1,1,1,0,1
153_S_4372,0,1,1,1,1,1,0,0,1,1,1,0,0,1,2,2,0,0,0,0,2,1,0,0,1,1,2,2,2,0,0,0,0,0,0,0,0,0,0,0,1,0,0,0,1,0,0,0,0,0,1,1,1,0
153_S_4838,0,0,0,0,1,1,1,2,0,0,0,0,0,0,0,0,0,0,0,2,2,1,2,2,1,1,0,0,2,0,1,1,1,1,1,1,0,0,1,1,1,0,1,0,1,1,0,0,0,0,0,0,0,0
153_S_5261,0,1,1,1,0,0,1,1,0,1,0,1,1,1,0,0,0,0,0,1,1,1,0,0,1,1,1,1,1,0,1,1,1,1,1,1,0,0,1,1,1,1,1,0,1,0,0,0,1,0,0,0,1,1
941_S_1202,0,0,0,0,2,2,1,0,1,1,2,1,1,1,1,1,0,0,0,0,1,2,1,1,1,1,1,1,1,0,1,1,1,0,0,0,0,0,0,0,0,0,2,0,0,0,1,1,0,0,0,0,0,0
941_S_2060,0,2,2,2,1,1,0,1,0,1,1,0,0,0,1,1,1,1,1,0,0,0,0,0,1,1,1,1,2,0,0,0,0,1,1,1,0,0,1,1,1,1,0,0,1,1,0,0,0,1,2,2,2,0
941_S_4036,1,0,0,0,0,0,0,1,0,0,0,1,1,1,1,1,1,1,1,0,0,2,0,0,0,0,1,1,1,1,2,2,2,1,1,1,0,0,1,1,1,0,0,1,2,1,0,0,0,0,1,1,1,0
941_S_4066,0,1,1,1,1,1,0,1,1,1,1,1,1,1,1,1,0,0,0,0,1,1,0,0,2,2,0,0,2,0,1,1,1,1,1,1,0,0,0,0,0,0,0,0,1,0,0,0,0,2,0,0,0,0
941_S_4100,0,1,1,1,0,0,0,1,0,0,0,1,1,1,2,2,1,1,1,1,1,1,0,0,0,0,0,0,0,0,1,1,1,0,0,0,0,0,1,1,1,1,0,0,1,0,0,0,0,1,0,0,0,0
941_S_4255,0,0,0,0,1,1,0,1,2,1,1,1,1,1,0,0,0,0,0,0,0,0,1,1,0,0,0,0,1,0,0,1,1,1,1,1,0,0,1,1,1,1,1,1,0,1,0,0,1,2,1,1,2,1
941_S_4292,0,0,0,0,2,2,0,0,0,2,0,0,0,0,0,0,1,1,1,1,2,1,1,1,0,0,0,0,1,0,1,1,1,0,0,0,0,0,0,0,0,1,1,0,1,1,0,0,0,1,0,0,0,0
941_S_4764,0,0,0,0,2,2,0,2,0,1,1,2,2,2,1,1,1,0,0,0,0,1,2,2,1,1,0,0,1,0,2,2,2,1,1,1,1,1,0,0,0,1,0,1,1,0,0,0,0,1,0,0,0,0
941_S_5193,1,0,0,0,0,0,0,1,2,0,1,1,1,1,1,1,1,1,1,1,1,1,1,1,1,1,1,1,1,0,1,1,1,1,1,1,0,0,1,1,1,2,0,0,1,1,0,0,0,1,0,0,0,0
